[
{
    "model": "assets.asset",
    "pk": 1,
    "fields": {
        "title": "Stripe",
        "image1": "image/875528517/875528517.png",
        "content1": "",
        "image2": "image/3432680430/3432680430.png",
        "content2": "",
        "image3": "image/1903812469/1903812469.png",
        "content3": "",
        "image4": "",
        "content4": null,
        "image5": "",
        "content5": null,
        "image6": "",
        "content6": null,
        "updated": "2019-01-19T15:08:23.694Z",
        "timestamp": "2019-01-16T19:36:33.138Z"
    }
},
{
    "model": "assets.asset",
    "pk": 2,
    "fields": {
        "title": "HomePage",
        "image1": "",
        "content1": "Sign up to premium and get unlimited access to all tutorials, forever!",
        "image2": "",
        "content2": "",
        "image3": "",
        "content3": "",
        "image4": "",
        "content4": null,
        "image5": "",
        "content5": null,
        "image6": "",
        "content6": null,
        "updated": "2019-02-07T19:16:38.975Z",
        "timestamp": "2019-02-07T19:12:07.993Z"
    }
},
{
    "model": "assets.asset",
    "pk": 3,
    "fields": {
        "title": "AboutPage",
        "image1": "",
        "content1": "The Engineering Playbook was created to provide you with the information and tools to reach your goals.",
        "image2": "",
        "content2": "You should think of it as your companion accompanying you through your degree and beyond.",
        "image3": "",
        "content3": "The practical information that you will find here will likely not be afforded to you by you lecturer.",
        "image4": "",
        "content4": "New tutorials are constantly being added and updated, and for a one time premium member fee you will have access to all of them.",
        "image5": "",
        "content5": "",
        "image6": "",
        "content6": "",
        "updated": "2019-02-13T20:32:25.208Z",
        "timestamp": "2019-02-13T20:32:25.208Z"
    }
},
{
    "model": "assets.quote",
    "pk": 1,
    "fields": {
        "quote": "If you only do what you can do, then you will never be more than you are now.",
        "author": "Master Shifu",
        "source": "Kung Fu Panda 2",
        "quote_type": "home_page_quote",
        "updated": "2019-02-10T13:46:39.534Z",
        "timestamp": "2019-02-10T13:34:01.029Z"
    }
},
{
    "model": "account.user",
    "fields": {
        "password": "pbkdf2_sha256$36000$d4woD3SKSgGR$k4559sOehevofVTs90tipLnot9gpj+bzPzNR/GDZlZk=",
        "last_login": "2019-02-23T17:23:33.536Z",
        "email": "niall783@gmail.com",
        "first_name": null,
        "last_name": null,
        "active": true,
        "staff": true,
        "admin": true,
        "full_access": true,
        "timestamp": "2018-12-02T13:20:05.623Z",
        "updated": "2019-02-23T17:25:15.815Z"
    }
},
{
    "model": "account.user",
    "fields": {
        "password": "pbkdf2_sha256$36000$sSddC4VJwo3T$ASVzmyA3FcIq0qwOPevsNEif7Hxyot5hkhCDf//ycm8=",
        "last_login": "2018-12-16T13:27:17.731Z",
        "email": "niall@gmail.com",
        "first_name": null,
        "last_name": null,
        "active": true,
        "staff": false,
        "admin": false,
        "full_access": false,
        "timestamp": "2018-12-16T13:14:24.948Z",
        "updated": "2018-12-25T20:30:00.328Z"
    }
},
{
    "model": "account.user",
    "fields": {
        "password": "pbkdf2_sha256$36000$VjXQ4mGsElDE$NyEvAxMUQxOPpS2jtEoxuCiIUhWo3a2zwAF9rT/BTzE=",
        "last_login": "2018-12-16T13:30:28.026Z",
        "email": "ryan@gmail.com",
        "first_name": null,
        "last_name": null,
        "active": true,
        "staff": false,
        "admin": false,
        "full_access": false,
        "timestamp": "2018-12-16T13:18:24.565Z",
        "updated": "2018-12-25T20:30:00.328Z"
    }
},
{
    "model": "account.user",
    "fields": {
        "password": "pbkdf2_sha256$36000$sZtDuhcaxO9H$87yGrcGt+328oomV8IvQ/Ybgu7QHh8HYwYNO42YaXvA=",
        "last_login": null,
        "email": "niall688@gmail.com",
        "first_name": null,
        "last_name": null,
        "active": false,
        "staff": false,
        "admin": false,
        "full_access": false,
        "timestamp": "2018-12-18T18:42:58.310Z",
        "updated": "2018-12-25T20:30:00.328Z"
    }
},
{
    "model": "account.user",
    "fields": {
        "password": "pbkdf2_sha256$36000$VhcYj39UJ4bx$/wxaSZTM5vFFbz3cNbUf48ul307RRxRFiOhaH4I4Wcg=",
        "last_login": null,
        "email": "ryan@ryanemail.com",
        "first_name": null,
        "last_name": null,
        "active": false,
        "staff": false,
        "admin": false,
        "full_access": false,
        "timestamp": "2018-12-19T17:55:59.549Z",
        "updated": "2018-12-25T20:30:00.328Z"
    }
},
{
    "model": "account.user",
    "fields": {
        "password": "pbkdf2_sha256$36000$ILGQxj2xPTRE$qUDquyOwC7GnPYXTUjmprciAoRZ7v6b7lLFnp0qbnzE=",
        "last_login": null,
        "email": "ryan@rys.com",
        "first_name": null,
        "last_name": null,
        "active": false,
        "staff": false,
        "admin": false,
        "full_access": false,
        "timestamp": "2018-12-19T17:57:31.897Z",
        "updated": "2018-12-25T20:30:00.328Z"
    }
},
{
    "model": "account.user",
    "fields": {
        "password": "pbkdf2_sha256$36000$LXGsg29cPFYM$h+CDYFpoKp/EZx2IR3o80JxWBcAXXxG2W9zAICg+2PI=",
        "last_login": "2018-12-23T13:33:17.694Z",
        "email": "ryan@twatface.com",
        "first_name": null,
        "last_name": null,
        "active": true,
        "staff": false,
        "admin": false,
        "full_access": false,
        "timestamp": "2018-12-23T13:32:21.165Z",
        "updated": "2018-12-25T20:30:00.328Z"
    }
},
{
    "model": "account.user",
    "fields": {
        "password": "pbkdf2_sha256$36000$2UrBc2gMQUHZ$BPEBFiET1M8jpA8Xq60ZnVOT0G8BDJrbk3NEwDfralc=",
        "last_login": null,
        "email": "myemail@gmail.com",
        "first_name": "Niall",
        "last_name": "ORourke",
        "active": false,
        "staff": false,
        "admin": false,
        "full_access": false,
        "timestamp": "2019-02-10T12:03:05.801Z",
        "updated": "2019-02-10T12:03:05.801Z"
    }
},
{
    "model": "account.user",
    "fields": {
        "password": "pbkdf2_sha256$36000$SfeHQZ9UpJ2m$nx1MrwTk+XtgSqAIh9tpIKbBYX9cSHv1ND8QwCe5LX4=",
        "last_login": null,
        "email": "admin@gmail.com",
        "first_name": "admin",
        "last_name": "last name",
        "active": true,
        "staff": true,
        "admin": true,
        "full_access": false,
        "timestamp": "2019-02-10T12:04:30.826Z",
        "updated": "2019-02-10T12:04:46.111Z"
    }
},
{
    "model": "carts.cart",
    "pk": 29,
    "fields": {
        "user": [
            "niall783@gmail.com"
        ],
        "subtotal": "19.50",
        "total": "19.50",
        "updated": "2018-12-29T17:31:37.592Z",
        "timestamp": "2018-12-29T17:31:36.406Z",
        "products": [
            1
        ]
    }
},
{
    "model": "carts.cart",
    "pk": 30,
    "fields": {
        "user": [
            "niall783@gmail.com"
        ],
        "subtotal": "19.50",
        "total": "19.50",
        "updated": "2019-01-13T18:01:50.373Z",
        "timestamp": "2019-01-13T18:01:28.059Z",
        "products": [
            1
        ]
    }
},
{
    "model": "carts.cart",
    "pk": 31,
    "fields": {
        "user": [
            "niall783@gmail.com"
        ],
        "subtotal": "19.50",
        "total": "19.50",
        "updated": "2019-01-14T18:51:10.638Z",
        "timestamp": "2019-01-14T18:51:09.258Z",
        "products": [
            1
        ]
    }
},
{
    "model": "carts.cart",
    "pk": 32,
    "fields": {
        "user": [
            "niall783@gmail.com"
        ],
        "subtotal": "19.50",
        "total": "19.50",
        "updated": "2019-01-14T18:51:57.237Z",
        "timestamp": "2019-01-14T18:51:55.827Z",
        "products": [
            1
        ]
    }
},
{
    "model": "carts.cart",
    "pk": 33,
    "fields": {
        "user": [
            "niall783@gmail.com"
        ],
        "subtotal": "19.50",
        "total": "19.50",
        "updated": "2019-01-14T19:03:23.927Z",
        "timestamp": "2019-01-14T19:03:22.835Z",
        "products": [
            1
        ]
    }
},
{
    "model": "carts.cart",
    "pk": 34,
    "fields": {
        "user": [
            "niall783@gmail.com"
        ],
        "subtotal": "19.50",
        "total": "19.50",
        "updated": "2019-01-14T20:38:36.830Z",
        "timestamp": "2019-01-14T20:38:33.628Z",
        "products": [
            1
        ]
    }
},
{
    "model": "carts.cart",
    "pk": 35,
    "fields": {
        "user": [
            "niall783@gmail.com"
        ],
        "subtotal": "19.50",
        "total": "19.50",
        "updated": "2019-01-19T17:04:24.824Z",
        "timestamp": "2019-01-19T17:04:18.376Z",
        "products": [
            1
        ]
    }
},
{
    "model": "carts.cart",
    "pk": 36,
    "fields": {
        "user": null,
        "subtotal": "0.00",
        "total": "0.00",
        "updated": "2019-01-20T15:25:35.417Z",
        "timestamp": "2019-01-20T15:25:35.417Z",
        "products": []
    }
},
{
    "model": "carts.cart",
    "pk": 37,
    "fields": {
        "user": [
            "niall783@gmail.com"
        ],
        "subtotal": "19.50",
        "total": "19.50",
        "updated": "2019-01-24T19:24:50.970Z",
        "timestamp": "2019-01-24T19:24:50.959Z",
        "products": [
            1
        ]
    }
},
{
    "model": "carts.cart",
    "pk": 38,
    "fields": {
        "user": [
            "niall783@gmail.com"
        ],
        "subtotal": "19.50",
        "total": "19.50",
        "updated": "2019-01-24T19:56:37.315Z",
        "timestamp": "2019-01-24T19:27:43.476Z",
        "products": [
            1
        ]
    }
},
{
    "model": "carts.cart",
    "pk": 39,
    "fields": {
        "user": [
            "niall783@gmail.com"
        ],
        "subtotal": "19.50",
        "total": "19.50",
        "updated": "2019-01-26T19:49:10.331Z",
        "timestamp": "2019-01-26T18:55:32.242Z",
        "products": [
            1
        ]
    }
},
{
    "model": "carts.cart",
    "pk": 40,
    "fields": {
        "user": [
            "niall783@gmail.com"
        ],
        "subtotal": "19.50",
        "total": "19.50",
        "updated": "2019-01-27T14:12:12.277Z",
        "timestamp": "2019-01-27T11:15:54.018Z",
        "products": [
            1
        ]
    }
},
{
    "model": "carts.cart",
    "pk": 41,
    "fields": {
        "user": [
            "niall783@gmail.com"
        ],
        "subtotal": "19.50",
        "total": "19.50",
        "updated": "2019-01-27T16:09:16.386Z",
        "timestamp": "2019-01-27T15:30:40.653Z",
        "products": [
            1
        ]
    }
},
{
    "model": "carts.cart",
    "pk": 42,
    "fields": {
        "user": null,
        "subtotal": "0.00",
        "total": "0.00",
        "updated": "2019-01-27T16:14:18.543Z",
        "timestamp": "2019-01-27T16:14:18.543Z",
        "products": []
    }
},
{
    "model": "carts.cart",
    "pk": 43,
    "fields": {
        "user": [
            "niall783@gmail.com"
        ],
        "subtotal": "19.50",
        "total": "19.50",
        "updated": "2019-01-29T18:37:38.189Z",
        "timestamp": "2019-01-29T18:26:23.925Z",
        "products": [
            1
        ]
    }
},
{
    "model": "carts.cart",
    "pk": 44,
    "fields": {
        "user": [
            "niall783@gmail.com"
        ],
        "subtotal": "19.50",
        "total": "19.50",
        "updated": "2019-01-29T18:44:18.255Z",
        "timestamp": "2019-01-29T18:42:42.727Z",
        "products": [
            1
        ]
    }
},
{
    "model": "carts.cart",
    "pk": 45,
    "fields": {
        "user": [
            "niall783@gmail.com"
        ],
        "subtotal": "19.50",
        "total": "19.50",
        "updated": "2019-02-09T12:38:55.502Z",
        "timestamp": "2019-02-09T12:38:49.459Z",
        "products": [
            1
        ]
    }
},
{
    "model": "carts.cart",
    "pk": 46,
    "fields": {
        "user": [
            "niall783@gmail.com"
        ],
        "subtotal": "19.50",
        "total": "19.50",
        "updated": "2019-02-09T13:02:07.791Z",
        "timestamp": "2019-02-09T13:01:48.258Z",
        "products": [
            1
        ]
    }
},
{
    "model": "carts.cart",
    "pk": 47,
    "fields": {
        "user": [
            "niall783@gmail.com"
        ],
        "subtotal": "19.50",
        "total": "19.50",
        "updated": "2019-02-09T17:04:57.393Z",
        "timestamp": "2019-02-09T15:08:31.529Z",
        "products": [
            1
        ]
    }
},
{
    "model": "carts.cart",
    "pk": 48,
    "fields": {
        "user": [
            "niall783@gmail.com"
        ],
        "subtotal": "19.50",
        "total": "19.50",
        "updated": "2019-02-09T17:16:58.253Z",
        "timestamp": "2019-02-09T17:16:55.030Z",
        "products": [
            1
        ]
    }
},
{
    "model": "carts.cart",
    "pk": 49,
    "fields": {
        "user": null,
        "subtotal": "0.00",
        "total": "0.00",
        "updated": "2019-02-10T13:11:30.857Z",
        "timestamp": "2019-02-10T13:11:30.857Z",
        "products": []
    }
},
{
    "model": "product.product",
    "pk": 1,
    "fields": {
        "title": "Premium Access Tier One",
        "description": "Go Premium",
        "featured": false,
        "active": true,
        "price": "19.50",
        "updated": "2019-01-24T19:58:00.539Z",
        "timestamp": "2018-12-24T15:00:53.607Z"
    }
},
{
    "model": "pages.subcategory",
    "pk": 1,
    "fields": {
        "title": "Excel",
        "slug": "excel",
        "image": "image/2458191669/2458191669.png",
        "short_description": "This is about Excel.",
        "is_sub_category": true,
        "updated": "2018-12-27T14:30:19.560Z",
        "timestamp": "2018-12-27T14:30:19.550Z"
    }
},
{
    "model": "pages.subcategory",
    "pk": 2,
    "fields": {
        "title": "Word",
        "slug": "word",
        "image": "image/2186322901/2186322901.jpg",
        "short_description": "This is about Word.",
        "is_sub_category": true,
        "updated": "2018-12-27T14:30:19.560Z",
        "timestamp": "2018-12-27T14:30:19.550Z"
    }
},
{
    "model": "pages.subcategory",
    "pk": 3,
    "fields": {
        "title": "PowerPoint",
        "slug": "powerpoint",
        "image": "image/762355922/762355922.png",
        "short_description": "This about PPTs.",
        "is_sub_category": true,
        "updated": "2018-12-27T14:30:19.560Z",
        "timestamp": "2018-12-27T14:30:19.550Z"
    }
},
{
    "model": "pages.subcategory",
    "pk": 4,
    "fields": {
        "title": "CoverLetter",
        "slug": "coverletter",
        "image": "",
        "short_description": "stuff about cover letters",
        "is_sub_category": true,
        "updated": "2018-12-27T14:30:19.560Z",
        "timestamp": "2018-12-27T14:30:19.550Z"
    }
},
{
    "model": "pages.categories",
    "pk": 1,
    "fields": {
        "title": "Microsoft Office",
        "slug": "microsoft-office",
        "is_category": true,
        "updated": "2018-12-27T14:30:19.540Z",
        "timestamp": "2018-12-27T14:30:19.529Z",
        "sub_category": [
            1,
            2,
            3
        ]
    }
},
{
    "model": "pages.categories",
    "pk": 2,
    "fields": {
        "title": "CVs",
        "slug": "cvs",
        "is_category": true,
        "updated": "2018-12-27T14:30:19.540Z",
        "timestamp": "2018-12-27T14:30:19.529Z",
        "sub_category": [
            4
        ]
    }
},
{
    "model": "pages.categories",
    "pk": 3,
    "fields": {
        "title": "test category",
        "slug": "test-category",
        "is_category": true,
        "updated": "2019-02-09T15:27:04.029Z",
        "timestamp": "2019-02-09T15:27:04.029Z",
        "sub_category": []
    }
},
{
    "model": "pages.tutorial",
    "pk": 1,
    "fields": {
        "title": "Word Tut 1",
        "slug": "word-tut-1",
        "image": "",
        "short_description": "Sed lectus vestibulum mattis ullamcorper velit sed ullamcorper.",
        "featured": false,
        "behind_paywall": true,
        "category": 1,
        "sub_category": 2,
        "updated": "2018-11-18T11:23:39.199Z",
        "timestamp": "2018-11-03T20:07:35.622Z"
    }
},
{
    "model": "pages.tutorial",
    "pk": 2,
    "fields": {
        "title": "Excel Tut 1",
        "slug": "excel-tut-1",
        "image": "",
        "short_description": "Sed lectus vestibulum mattis ullamcorper velit sed ullamcorper.",
        "featured": true,
        "behind_paywall": false,
        "category": 1,
        "sub_category": 1,
        "updated": "2019-02-11T19:55:06.039Z",
        "timestamp": "2018-11-03T20:08:33.020Z"
    }
},
{
    "model": "pages.tutorial",
    "pk": 3,
    "fields": {
        "title": "PowerPoint Tut 1",
        "slug": "powerpoint-tut-1",
        "image": "",
        "short_description": "Sed lectus vestibulum mattis ullamcorper velit sed ullamcorper.",
        "featured": false,
        "behind_paywall": true,
        "category": 1,
        "sub_category": 3,
        "updated": "2018-11-18T11:23:26.003Z",
        "timestamp": "2018-11-04T12:00:39.977Z"
    }
},
{
    "model": "pages.tutorial",
    "pk": 4,
    "fields": {
        "title": "other stuff",
        "slug": "other-stuff",
        "image": "",
        "short_description": null,
        "featured": false,
        "behind_paywall": true,
        "category": 2,
        "sub_category": 4,
        "updated": "2018-11-18T11:23:19.759Z",
        "timestamp": "2018-11-07T19:22:38.859Z"
    }
},
{
    "model": "pages.tutorial",
    "pk": 5,
    "fields": {
        "title": "Excel Tut 2",
        "slug": "excel-tut-2",
        "image": "",
        "short_description": null,
        "featured": false,
        "behind_paywall": true,
        "category": 1,
        "sub_category": 1,
        "updated": "2019-02-03T15:47:08.686Z",
        "timestamp": "2018-11-17T16:57:24.382Z"
    }
},
{
    "model": "pages.tutorial",
    "pk": 6,
    "fields": {
        "title": "Excel Tut 3",
        "slug": "excel-tut-3",
        "image": "image/653848973/653848973.jpeg",
        "short_description": null,
        "featured": true,
        "behind_paywall": false,
        "category": 1,
        "sub_category": 1,
        "updated": "2018-12-01T20:05:05.483Z",
        "timestamp": "2018-11-17T16:58:10.575Z"
    }
},
{
    "model": "pages.tutorial",
    "pk": 7,
    "fields": {
        "title": "Excel Tut 4",
        "slug": "excel-tut-4",
        "image": "",
        "short_description": "Short description",
        "featured": false,
        "behind_paywall": true,
        "category": 1,
        "sub_category": 1,
        "updated": "2018-11-18T15:36:31.966Z",
        "timestamp": "2018-11-17T16:58:51.519Z"
    }
},
{
    "model": "pages.tutorial",
    "pk": 8,
    "fields": {
        "title": "Excel Tut 5",
        "slug": "excel-tut-5",
        "image": "image/945327387/945327387.png",
        "short_description": "",
        "featured": true,
        "behind_paywall": true,
        "category": 1,
        "sub_category": 1,
        "updated": "2019-02-06T20:32:36.451Z",
        "timestamp": "2018-11-19T18:46:30.764Z"
    }
},
{
    "model": "pages.tutorial",
    "pk": 9,
    "fields": {
        "title": "Awsome Excel",
        "slug": "awsome-excel",
        "image": "image/2373099437/2373099437.jpg",
        "short_description": "",
        "featured": true,
        "behind_paywall": true,
        "category": 1,
        "sub_category": 1,
        "updated": "2019-02-06T20:31:44.071Z",
        "timestamp": "2018-11-20T20:05:32.797Z"
    }
},
{
    "model": "pages.tutorialcontent",
    "pk": 1,
    "fields": {
        "tutorial": 2,
        "video_link": "",
        "video_link_col_params": "col-12 col-md-10 mx-auto",
        "image": "",
        "image_col_params": "col-12 col-md-5 mx-auto",
        "text": "For some Brexit supporters in Mrs May's party the message is simple - bin the backstop.\r\n\r\nBut in answers to questions after her Belfast speech, she seemed clear that a withdrawal deal will need a backstop of some sort.\r\n\r\nShe said: \"There is no suggestion that we are not going to ensure in the future there is provision for this insurance policy... the backstop.\r\n\r\n\"What parliament has said... is that they want to see changes to the backstop as it currently exists within the protocol, as part of the withdrawal agreement.\"\r\n\r\nThat may put her at odds with members of her own party who want radical change to the backstop.\r\n\r\nMrs May also said she wanted to strengthen the UK's \"unique\" relationship with the Irish government - restating the UK Government's readiness to support the \"tantalising possibility\" of a joint UK-Irish bid for the football World Cup in 2030.\r\n\r\nShe said she was \"grateful\" to businesses and farming groups that had supported the backstop in the withdrawal agreement.\r\n\r\nUltimately, the deal was rejected by Parliament when the deal was defeated by 230 votes.\r\n\r\nThe prime minister has now moved to ask the EU to re-open the withdrawal agreement and allow legally binding changes to be made to the backstop.\r\n\r\nThe backstop is an insurance policy designed to avoid a hard border \"under all circumstances\" between Northern Ireland and the Irish Republic after Brexit",
        "text_col_params": "col-12 mx-auto",
        "html_text": null,
        "html_text_col_params": "col-12 mx-auto"
    }
},
{
    "model": "pages.tutorialcontent",
    "pk": 2,
    "fields": {
        "tutorial": 2,
        "video_link": "",
        "video_link_col_params": "col-12 col-md-10 mx-auto",
        "image": "image/1353655186/1353655186.jpg",
        "image_col_params": "col-12 col-md-5 mx-auto",
        "text": "This is a picture of myself.",
        "text_col_params": "col-12 mx-auto",
        "html_text": null,
        "html_text_col_params": "col-12 mx-auto"
    }
},
{
    "model": "pages.tutorialcontent",
    "pk": 4,
    "fields": {
        "tutorial": 2,
        "video_link": "",
        "video_link_col_params": "col-12 col-md-10 mx-auto",
        "image": "",
        "image_col_params": "col-12 col-md-5 mx-auto",
        "text": "She said she was \"grateful\" to businesses and farming groups that had supported the backstop in the withdrawal agreement.\r\n\r\nUltimately, the deal was rejected by Parliament when the deal was defeated by 230 votes.\r\n\r\nThe prime minister has now moved to ask the EU to re-open the withdrawal agreement and allow legally binding changes to be made to the backstop.\r\n\r\nThe backstop is an insurance policy designed to avoid a hard border \"under all circumstances\" between Northern Ireland and the Irish Republic after Brexit\r\n\r\nFor some Brexit supporters in Mrs May's party the message is simple - bin the backstop.\r\n\r\nBut in answers to questions after her Belfast speech, she seemed clear that a withdrawal deal will need a backstop of some sort.\r\n\r\nShe said: \"There is no suggestion that we are not going to ensure in the future there is provision for this insurance policy... the backstop.\r\n\r\n\"What parliament has said... is that they want to see changes to the backstop as it currently exists within the protocol, as part of the withdrawal agreement.\"\r\n\r\nThat may put her at odds with members of her own party who want radical change to the backstop.\r\n\r\nMrs May also said she wanted to strengthen the UK's \"unique\" relationship with the Irish government - restating the UK Government's readiness to support the \"tantalising possibility\" of a joint UK-Irish bid for the football World Cup in 2030.",
        "text_col_params": "col-12 mx-auto",
        "html_text": null,
        "html_text_col_params": "col-12 mx-auto"
    }
},
{
    "model": "pages.tutorialcontent",
    "pk": 5,
    "fields": {
        "tutorial": 2,
        "video_link": "https://www.youtube.com/embed/Kq6f76BEBKI",
        "video_link_col_params": "col-12 col-md-10 mx-auto",
        "image": "",
        "image_col_params": "col-12 col-md-5 mx-auto",
        "text": "",
        "text_col_params": "col-12 mx-auto",
        "html_text": null,
        "html_text_col_params": "col-12 mx-auto"
    }
},
{
    "model": "pages.tutorialcontent",
    "pk": 6,
    "fields": {
        "tutorial": 2,
        "video_link": "",
        "video_link_col_params": "col-12 col-md-10 mx-auto",
        "image": "",
        "image_col_params": "col-12 col-md-5 mx-auto",
        "text": "<ul style=\"list-style-type:disc;\">\r\n  <li>Coffee</li>\r\n  <li>Tea</li>\r\n  <li>Milk</li>\r\n</ul>",
        "text_col_params": "col-12 mx-auto",
        "html_text": null,
        "html_text_col_params": "col-12 mx-auto"
    }
},
{
    "model": "pages.tutorialcontent",
    "pk": 7,
    "fields": {
        "tutorial": 2,
        "video_link": "",
        "video_link_col_params": "col-12 col-md-10 mx-auto",
        "image": "",
        "image_col_params": "col-12 col-md-5 mx-auto",
        "text": "<p style=\"text-align: center;\"><strong>Introduction</strong></p>\r\n<p><span style=\"font-weight: 400;\">The work and pensions secretary said she was \"absolutely clear there were challenges with the initial roll-out\" of the benefit and that the difficulty in accessing money was \"one of the causes\" of the rise.</span></p>\r\n<p><span style=\"font-weight: 400;\">But she said the government had made changes to help tackle food insecurity.</span></p>\r\n<p><span style=\"font-weight: 400;\">Food bank operator Trussell Trust said it was a \"promising\" acknowledgement.</span></p>\r\n<p><span style=\"font-weight: 400;\">Universal credit has been plagued with problems since its inception in 2010.</span></p>\r\n<p><span style=\"font-weight: 400;\">The monthly payment merges six different benefits for working age people into one and has been subject to a gradual roll-out across the UK.</span></p>\r\n<p><span style=\"font-weight: 400;\">The system was supposed to be up and running by April 2017, but it has faced numerous delays and is now not expected to be fully operational until December 2023.</span></p>\r\n<p><br /><br /></p>\r\n<ul>\r\n<li style=\"font-weight: 400;\"><span style=\"font-weight: 400;\">Step 1</span></li>\r\n<li style=\"font-weight: 400;\"><span style=\"font-weight: 400;\">Step 2</span></li>\r\n<li style=\"font-weight: 400;\"><span style=\"font-weight: 400;\">Step 3</span></li>\r\n<li style=\"font-weight: 400;\"><span style=\"font-weight: 400;\">Step 4</span></li>\r\n<li style=\"font-weight: 400;\"><span style=\"font-weight: 400;\">Step 5</span></li>\r\n<li style=\"font-weight: 400;\"><span style=\"font-weight: 400;\">Step 6</span></li>\r\n</ul>",
        "text_col_params": "col-12 mx-auto",
        "html_text": "<p style=\"text-align: center;\"><strong>Introduction</strong></p>\r\n<p><span style=\"font-weight: 400;\">The work and pensions secretary said she was \"absolutely clear there were challenges with the initial roll-out\" of the benefit and that the difficulty in accessing money was \"one of the causes\" of the rise.</span></p>\r\n<p><span style=\"font-weight: 400;\">But she said the government had made changes to help tackle food insecurity.</span></p>\r\n<p><span style=\"font-weight: 400;\">Food bank operator Trussell Trust said it was a \"promising\" acknowledgement.</span></p>\r\n<p><span style=\"font-weight: 400;\">Universal credit has been plagued with problems since its inception in 2010.</span></p>\r\n<p><span style=\"font-weight: 400;\">The monthly payment merges six different benefits for working age people into one and has been subject to a gradual roll-out across the UK.</span></p>\r\n<p><span style=\"font-weight: 400;\">The system was supposed to be up and running by April 2017, but it has faced numerous delays and is now not expected to be fully operational until December 2023.</span></p>\r\n<p><br /><br /></p>\r\n<ul>\r\n<li style=\"font-weight: 400;\"><span style=\"font-weight: 400;\">Step 1</span></li>\r\n<li style=\"font-weight: 400;\"><span style=\"font-weight: 400;\">Step 2</span></li>\r\n<li style=\"font-weight: 400;\"><span style=\"font-weight: 400;\">Step 3</span></li>\r\n<li style=\"font-weight: 400;\"><span style=\"font-weight: 400;\">Step 4</span></li>\r\n<li style=\"font-weight: 400;\"><span style=\"font-weight: 400;\">Step 5</span></li>\r\n<li style=\"font-weight: 400;\"><span style=\"font-weight: 400;\">Step 6</span></li>\r\n</ul>",
        "html_text_col_params": "col-12 mx-auto"
    }
},
{
    "model": "pages.tutorialfile",
    "pk": 1,
    "fields": {
        "tutorial": 5,
        "thumbnail": "",
        "file": "tutorial/excel-tut-2/IMG_20190105_213607.jpg",
        "is_free": false
    }
},
{
    "model": "pages.tutorialfile",
    "pk": 5,
    "fields": {
        "tutorial": 2,
        "thumbnail": "",
        "file": "tutorial/excel-tut-1/ORourke_2.jpg",
        "is_free": false
    }
},
{
    "model": "pages.tutorialfile",
    "pk": 6,
    "fields": {
        "tutorial": 2,
        "thumbnail": "",
        "file": "tutorial/excel-tut-1/2018_08_16_Payslip.pdf",
        "is_free": false
    }
},
{
    "model": "pages.tutorialfile",
    "pk": 7,
    "fields": {
        "tutorial": 2,
        "thumbnail": "",
        "file": "tutorial/excel-tut-1/video-1547382928.mp4",
        "is_free": false
    }
},
{
    "model": "Tags.tag",
    "pk": 1,
    "fields": {
        "title": "PPT",
        "slug": "ppt",
        "active": true,
        "updated": "2019-02-10T15:57:31.133Z",
        "timestamp": "2019-02-10T15:57:01.858Z",
        "tutorials": [
            3
        ]
    }
}
]
