[
{
    "model": "sessions.session",
    "pk": "3pzvc2wu9jedersear5v9sr0cbt0at5m",
    "fields": {
        "session_data": "N2QxOWI2MDY0M2I0MWU3Y2Y5ZWNiN2I2ZGZlNjNkMjdmYTUyODFlYTp7Il9hdXRoX3VzZXJfaWQiOiIxIiwiX2F1dGhfdXNlcl9iYWNrZW5kIjoiZGphbmdvLmNvbnRyaWIuYXV0aC5iYWNrZW5kcy5Nb2RlbEJhY2tlbmQiLCJfYXV0aF91c2VyX2hhc2giOiI0OTMxZDdkN2NlYWRkNjFiOWI3NWY1NTU3MDdlYWM5OWMwZThkOWMxIn0=",
        "expire_date": "2018-12-30T14:02:33.305Z"
    }
},
{
    "model": "sessions.session",
    "pk": "54hzwsnin5dj5ukd5mue55mfsz7a1vjj",
    "fields": {
        "session_data": "MTgzZWMyOTY4MDEzYjNlNTc5NmFhOGUzZTY4ODQxYjUwZTZlZWY5Mzp7ImNhcnRfaWQiOjQyfQ==",
        "expire_date": "2019-02-10T16:14:18.576Z"
    }
},
{
    "model": "sessions.session",
    "pk": "5wws2dotqi1hundt25xliy5p4fx60agp",
    "fields": {
        "session_data": "OTMxNmY1Zjc0N2MwNzE0ZWY1ZTVlNDA2MzlkYzA3YzEwOGQ1Y2Y2MDp7Il9hdXRoX3VzZXJfaWQiOiIxIiwiX2F1dGhfdXNlcl9iYWNrZW5kIjoiZGphbmdvLmNvbnRyaWIuYXV0aC5iYWNrZW5kcy5Nb2RlbEJhY2tlbmQiLCJfYXV0aF91c2VyX2hhc2giOiJkZmIyYTYxNmU1NGU0NTA2MDIzZTdjNjg2MDM0MDdiODQ1Y2MxYzNmIn0=",
        "expire_date": "2018-11-21T19:21:23.770Z"
    }
},
{
    "model": "sessions.session",
    "pk": "5zxvczeiksks2oo4v8812wcf78lqgdtg",
    "fields": {
        "session_data": "YjQ1MTE0MTU2MDcxYjAxNjcyZGVlZDQ2MzMzOWE4NjExMmQ0MDJkMTp7ImNhcnRfaWQiOjEwLCJfYXV0aF91c2VyX2lkIjoiMSIsIl9hdXRoX3VzZXJfYmFja2VuZCI6ImRqYW5nby5jb250cmliLmF1dGguYmFja2VuZHMuTW9kZWxCYWNrZW5kIiwiX2F1dGhfdXNlcl9oYXNoIjoiNDkzMWQ3ZDdjZWFkZDYxYjliNzVmNTU1NzA3ZWFjOTljMGU4ZDljMSJ9",
        "expire_date": "2019-01-08T16:40:31.870Z"
    }
},
{
    "model": "sessions.session",
    "pk": "7ga03trdlciyb4z8knjtmdb7neovn7s8",
    "fields": {
        "session_data": "N2QxOWI2MDY0M2I0MWU3Y2Y5ZWNiN2I2ZGZlNjNkMjdmYTUyODFlYTp7Il9hdXRoX3VzZXJfaWQiOiIxIiwiX2F1dGhfdXNlcl9iYWNrZW5kIjoiZGphbmdvLmNvbnRyaWIuYXV0aC5iYWNrZW5kcy5Nb2RlbEJhY2tlbmQiLCJfYXV0aF91c2VyX2hhc2giOiI0OTMxZDdkN2NlYWRkNjFiOWI3NWY1NTU3MDdlYWM5OWMwZThkOWMxIn0=",
        "expire_date": "2018-12-26T18:05:37.441Z"
    }
},
{
    "model": "sessions.session",
    "pk": "7wccmudo8yw55bzcivfmblkgaz36kvur",
    "fields": {
        "session_data": "N2QxOWI2MDY0M2I0MWU3Y2Y5ZWNiN2I2ZGZlNjNkMjdmYTUyODFlYTp7Il9hdXRoX3VzZXJfaWQiOiIxIiwiX2F1dGhfdXNlcl9iYWNrZW5kIjoiZGphbmdvLmNvbnRyaWIuYXV0aC5iYWNrZW5kcy5Nb2RlbEJhY2tlbmQiLCJfYXV0aF91c2VyX2hhc2giOiI0OTMxZDdkN2NlYWRkNjFiOWI3NWY1NTU3MDdlYWM5OWMwZThkOWMxIn0=",
        "expire_date": "2019-03-09T17:23:33.544Z"
    }
},
{
    "model": "sessions.session",
    "pk": "9qdage0tb9cka5enagl4u65o2gokaj7h",
    "fields": {
        "session_data": "YTY5NTk3MmM5YTZmN2M3NzIzODk3OTExM2M2MmE1ZWZiZTRmMTUwMDp7ImNhcnRfaWQiOjM2fQ==",
        "expire_date": "2019-02-03T15:25:35.446Z"
    }
},
{
    "model": "sessions.session",
    "pk": "brztdogg7dcmwys6my0ohw1s5wil83ib",
    "fields": {
        "session_data": "ZDBhY2MxNTliZWNiMTBkZmRiOTliZTA4Y2U1YjY5MGIxOWFiZDk3YTp7fQ==",
        "expire_date": "2018-12-22T14:45:48.322Z"
    }
},
{
    "model": "sessions.session",
    "pk": "e5nsikh34b58w6xq5z0zhnllx7f6demq",
    "fields": {
        "session_data": "N2QxOWI2MDY0M2I0MWU3Y2Y5ZWNiN2I2ZGZlNjNkMjdmYTUyODFlYTp7Il9hdXRoX3VzZXJfaWQiOiIxIiwiX2F1dGhfdXNlcl9iYWNrZW5kIjoiZGphbmdvLmNvbnRyaWIuYXV0aC5iYWNrZW5kcy5Nb2RlbEJhY2tlbmQiLCJfYXV0aF91c2VyX2hhc2giOiI0OTMxZDdkN2NlYWRkNjFiOWI3NWY1NTU3MDdlYWM5OWMwZThkOWMxIn0=",
        "expire_date": "2019-02-24T12:03:26.431Z"
    }
},
{
    "model": "sessions.session",
    "pk": "gsho6qaln0zeupo6c3ywcd9a76uwnu3g",
    "fields": {
        "session_data": "OTMxNmY1Zjc0N2MwNzE0ZWY1ZTVlNDA2MzlkYzA3YzEwOGQ1Y2Y2MDp7Il9hdXRoX3VzZXJfaWQiOiIxIiwiX2F1dGhfdXNlcl9iYWNrZW5kIjoiZGphbmdvLmNvbnRyaWIuYXV0aC5iYWNrZW5kcy5Nb2RlbEJhY2tlbmQiLCJfYXV0aF91c2VyX2hhc2giOiJkZmIyYTYxNmU1NGU0NTA2MDIzZTdjNjg2MDM0MDdiODQ1Y2MxYzNmIn0=",
        "expire_date": "2018-11-04T14:37:42.015Z"
    }
},
{
    "model": "sessions.session",
    "pk": "m34logsmtvmzr5vxs6x5fgug5e93c4w2",
    "fields": {
        "session_data": "OTMxNmY1Zjc0N2MwNzE0ZWY1ZTVlNDA2MzlkYzA3YzEwOGQ1Y2Y2MDp7Il9hdXRoX3VzZXJfaWQiOiIxIiwiX2F1dGhfdXNlcl9iYWNrZW5kIjoiZGphbmdvLmNvbnRyaWIuYXV0aC5iYWNrZW5kcy5Nb2RlbEJhY2tlbmQiLCJfYXV0aF91c2VyX2hhc2giOiJkZmIyYTYxNmU1NGU0NTA2MDIzZTdjNjg2MDM0MDdiODQ1Y2MxYzNmIn0=",
        "expire_date": "2018-11-18T15:22:11.918Z"
    }
},
{
    "model": "sessions.session",
    "pk": "r9ky9ua08v3brvv0zbzbtx2zp7s44ajz",
    "fields": {
        "session_data": "OTMxNmY1Zjc0N2MwNzE0ZWY1ZTVlNDA2MzlkYzA3YzEwOGQ1Y2Y2MDp7Il9hdXRoX3VzZXJfaWQiOiIxIiwiX2F1dGhfdXNlcl9iYWNrZW5kIjoiZGphbmdvLmNvbnRyaWIuYXV0aC5iYWNrZW5kcy5Nb2RlbEJhY2tlbmQiLCJfYXV0aF91c2VyX2hhc2giOiJkZmIyYTYxNmU1NGU0NTA2MDIzZTdjNjg2MDM0MDdiODQ1Y2MxYzNmIn0=",
        "expire_date": "2018-11-20T19:21:42.913Z"
    }
},
{
    "model": "sessions.session",
    "pk": "rebatyzx0t23injh6hmurdboh62b9msy",
    "fields": {
        "session_data": "N2QxOWI2MDY0M2I0MWU3Y2Y5ZWNiN2I2ZGZlNjNkMjdmYTUyODFlYTp7Il9hdXRoX3VzZXJfaWQiOiIxIiwiX2F1dGhfdXNlcl9iYWNrZW5kIjoiZGphbmdvLmNvbnRyaWIuYXV0aC5iYWNrZW5kcy5Nb2RlbEJhY2tlbmQiLCJfYXV0aF91c2VyX2hhc2giOiI0OTMxZDdkN2NlYWRkNjFiOWI3NWY1NTU3MDdlYWM5OWMwZThkOWMxIn0=",
        "expire_date": "2019-01-12T17:31:57.067Z"
    }
},
{
    "model": "sessions.session",
    "pk": "spzfmsn5ge296qbwyg52ma52d60u1iy6",
    "fields": {
        "session_data": "N2QxOWI2MDY0M2I0MWU3Y2Y5ZWNiN2I2ZGZlNjNkMjdmYTUyODFlYTp7Il9hdXRoX3VzZXJfaWQiOiIxIiwiX2F1dGhfdXNlcl9iYWNrZW5kIjoiZGphbmdvLmNvbnRyaWIuYXV0aC5iYWNrZW5kcy5Nb2RlbEJhY2tlbmQiLCJfYXV0aF91c2VyX2hhc2giOiI0OTMxZDdkN2NlYWRkNjFiOWI3NWY1NTU3MDdlYWM5OWMwZThkOWMxIn0=",
        "expire_date": "2019-01-06T13:41:07.256Z"
    }
},
{
    "model": "sessions.session",
    "pk": "twd97hhxpvqj8j65loj4fpfcp3ry7sct",
    "fields": {
        "session_data": "OTMxNmY1Zjc0N2MwNzE0ZWY1ZTVlNDA2MzlkYzA3YzEwOGQ1Y2Y2MDp7Il9hdXRoX3VzZXJfaWQiOiIxIiwiX2F1dGhfdXNlcl9iYWNrZW5kIjoiZGphbmdvLmNvbnRyaWIuYXV0aC5iYWNrZW5kcy5Nb2RlbEJhY2tlbmQiLCJfYXV0aF91c2VyX2hhc2giOiJkZmIyYTYxNmU1NGU0NTA2MDIzZTdjNjg2MDM0MDdiODQ1Y2MxYzNmIn0=",
        "expire_date": "2018-12-01T12:19:18.965Z"
    }
},
{
    "model": "sessions.session",
    "pk": "xxrrovyoytu3zacw4tvxdoqgh9ueehz0",
    "fields": {
        "session_data": "ZWZlOTJkMDYxMTJkNjcyYjNhZjIzNTUzM2EyMTFmYzQxOTEyNDJiMDp7ImNhcnRfaWQiOjQ5fQ==",
        "expire_date": "2019-02-24T13:11:30.892Z"
    }
},
{
    "model": "assets.asset",
    "pk": 1,
    "fields": {
        "title": "Stripe",
        "image1": "image/875528517/875528517.png",
        "content1": "",
        "image2": "image/3432680430/3432680430.png",
        "content2": "",
        "image3": "image/1903812469/1903812469.png",
        "content3": "",
        "image4": "",
        "content4": null,
        "image5": "",
        "content5": null,
        "image6": "",
        "content6": null,
        "updated": "2019-01-19T15:08:23.694Z",
        "timestamp": "2019-01-16T19:36:33.138Z"
    }
},
{
    "model": "assets.asset",
    "pk": 2,
    "fields": {
        "title": "HomePage",
        "image1": "",
        "content1": "Sign up to premium and get unlimited access to all tutorials, forever!",
        "image2": "",
        "content2": "",
        "image3": "",
        "content3": "",
        "image4": "",
        "content4": null,
        "image5": "",
        "content5": null,
        "image6": "",
        "content6": null,
        "updated": "2019-02-07T19:16:38.975Z",
        "timestamp": "2019-02-07T19:12:07.993Z"
    }
},
{
    "model": "assets.asset",
    "pk": 3,
    "fields": {
        "title": "AboutPage",
        "image1": "",
        "content1": "The Engineering Playbook was created to provide you with the information and tools to reach your goals.",
        "image2": "",
        "content2": "You should think of it as your companion accompanying you through your degree and beyond.",
        "image3": "",
        "content3": "The practical information that you will find here will likely not be afforded to you by you lecturer.",
        "image4": "",
        "content4": "New tutorials are constantly being added and updated, and for a one time premium member fee you will have access to all of them.",
        "image5": "",
        "content5": "",
        "image6": "",
        "content6": "",
        "updated": "2019-02-13T20:32:25.208Z",
        "timestamp": "2019-02-13T20:32:25.208Z"
    }
},
{
    "model": "assets.quote",
    "pk": 1,
    "fields": {
        "quote": "If you only do what you can do, then you will never be more than you are now.",
        "author": "Master Shifu",
        "source": "Kung Fu Panda 2",
        "quote_type": "home_page_quote",
        "updated": "2019-02-10T13:46:39.534Z",
        "timestamp": "2019-02-10T13:34:01.029Z"
    }
},
{
    "model": "account.user",
    "pk": 1,
    "fields": {
        "password": "pbkdf2_sha256$36000$d4woD3SKSgGR$k4559sOehevofVTs90tipLnot9gpj+bzPzNR/GDZlZk=",
        "last_login": "2019-02-23T17:23:33.536Z",
        "email": "niall783@gmail.com",
        "first_name": null,
        "last_name": null,
        "active": true,
        "staff": true,
        "admin": true,
        "full_access": true,
        "timestamp": "2018-12-02T13:20:05.623Z",
        "updated": "2019-02-23T17:25:15.815Z"
    }
},
{
    "model": "account.user",
    "pk": 8,
    "fields": {
        "password": "pbkdf2_sha256$36000$sSddC4VJwo3T$ASVzmyA3FcIq0qwOPevsNEif7Hxyot5hkhCDf//ycm8=",
        "last_login": "2018-12-16T13:27:17.731Z",
        "email": "niall@gmail.com",
        "first_name": null,
        "last_name": null,
        "active": true,
        "staff": false,
        "admin": false,
        "full_access": false,
        "timestamp": "2018-12-16T13:14:24.948Z",
        "updated": "2018-12-25T20:30:00.328Z"
    }
},
{
    "model": "account.user",
    "pk": 9,
    "fields": {
        "password": "pbkdf2_sha256$36000$VjXQ4mGsElDE$NyEvAxMUQxOPpS2jtEoxuCiIUhWo3a2zwAF9rT/BTzE=",
        "last_login": "2018-12-16T13:30:28.026Z",
        "email": "ryan@gmail.com",
        "first_name": null,
        "last_name": null,
        "active": true,
        "staff": false,
        "admin": false,
        "full_access": false,
        "timestamp": "2018-12-16T13:18:24.565Z",
        "updated": "2018-12-25T20:30:00.328Z"
    }
},
{
    "model": "account.user",
    "pk": 10,
    "fields": {
        "password": "pbkdf2_sha256$36000$sZtDuhcaxO9H$87yGrcGt+328oomV8IvQ/Ybgu7QHh8HYwYNO42YaXvA=",
        "last_login": null,
        "email": "niall688@gmail.com",
        "first_name": null,
        "last_name": null,
        "active": false,
        "staff": false,
        "admin": false,
        "full_access": false,
        "timestamp": "2018-12-18T18:42:58.310Z",
        "updated": "2018-12-25T20:30:00.328Z"
    }
},
{
    "model": "account.user",
    "pk": 11,
    "fields": {
        "password": "pbkdf2_sha256$36000$VhcYj39UJ4bx$/wxaSZTM5vFFbz3cNbUf48ul307RRxRFiOhaH4I4Wcg=",
        "last_login": null,
        "email": "ryan@ryanemail.com",
        "first_name": null,
        "last_name": null,
        "active": false,
        "staff": false,
        "admin": false,
        "full_access": false,
        "timestamp": "2018-12-19T17:55:59.549Z",
        "updated": "2018-12-25T20:30:00.328Z"
    }
},
{
    "model": "account.user",
    "pk": 12,
    "fields": {
        "password": "pbkdf2_sha256$36000$ILGQxj2xPTRE$qUDquyOwC7GnPYXTUjmprciAoRZ7v6b7lLFnp0qbnzE=",
        "last_login": null,
        "email": "ryan@rys.com",
        "first_name": null,
        "last_name": null,
        "active": false,
        "staff": false,
        "admin": false,
        "full_access": false,
        "timestamp": "2018-12-19T17:57:31.897Z",
        "updated": "2018-12-25T20:30:00.328Z"
    }
},
{
    "model": "account.user",
    "pk": 13,
    "fields": {
        "password": "pbkdf2_sha256$36000$LXGsg29cPFYM$h+CDYFpoKp/EZx2IR3o80JxWBcAXXxG2W9zAICg+2PI=",
        "last_login": "2018-12-23T13:33:17.694Z",
        "email": "ryan@twatface.com",
        "first_name": null,
        "last_name": null,
        "active": true,
        "staff": false,
        "admin": false,
        "full_access": false,
        "timestamp": "2018-12-23T13:32:21.165Z",
        "updated": "2018-12-25T20:30:00.328Z"
    }
},
{
    "model": "account.user",
    "pk": 14,
    "fields": {
        "password": "pbkdf2_sha256$36000$2UrBc2gMQUHZ$BPEBFiET1M8jpA8Xq60ZnVOT0G8BDJrbk3NEwDfralc=",
        "last_login": null,
        "email": "myemail@gmail.com",
        "first_name": "Niall",
        "last_name": "ORourke",
        "active": false,
        "staff": false,
        "admin": false,
        "full_access": false,
        "timestamp": "2019-02-10T12:03:05.801Z",
        "updated": "2019-02-10T12:03:05.801Z"
    }
},
{
    "model": "account.user",
    "pk": 15,
    "fields": {
        "password": "pbkdf2_sha256$36000$SfeHQZ9UpJ2m$nx1MrwTk+XtgSqAIh9tpIKbBYX9cSHv1ND8QwCe5LX4=",
        "last_login": null,
        "email": "admin@gmail.com",
        "first_name": "admin",
        "last_name": "last name",
        "active": true,
        "staff": true,
        "admin": true,
        "full_access": false,
        "timestamp": "2019-02-10T12:04:30.826Z",
        "updated": "2019-02-10T12:04:46.111Z"
    }
},
{
    "model": "carts.cart",
    "pk": 29,
    "fields": {
        "user": 1,
        "subtotal": "19.50",
        "total": "19.50",
        "updated": "2018-12-29T17:31:37.592Z",
        "timestamp": "2018-12-29T17:31:36.406Z",
        "products": [
            1
        ]
    }
},
{
    "model": "carts.cart",
    "pk": 30,
    "fields": {
        "user": 1,
        "subtotal": "19.50",
        "total": "19.50",
        "updated": "2019-01-13T18:01:50.373Z",
        "timestamp": "2019-01-13T18:01:28.059Z",
        "products": [
            1
        ]
    }
},
{
    "model": "carts.cart",
    "pk": 31,
    "fields": {
        "user": 1,
        "subtotal": "19.50",
        "total": "19.50",
        "updated": "2019-01-14T18:51:10.638Z",
        "timestamp": "2019-01-14T18:51:09.258Z",
        "products": [
            1
        ]
    }
},
{
    "model": "carts.cart",
    "pk": 32,
    "fields": {
        "user": 1,
        "subtotal": "19.50",
        "total": "19.50",
        "updated": "2019-01-14T18:51:57.237Z",
        "timestamp": "2019-01-14T18:51:55.827Z",
        "products": [
            1
        ]
    }
},
{
    "model": "carts.cart",
    "pk": 33,
    "fields": {
        "user": 1,
        "subtotal": "19.50",
        "total": "19.50",
        "updated": "2019-01-14T19:03:23.927Z",
        "timestamp": "2019-01-14T19:03:22.835Z",
        "products": [
            1
        ]
    }
},
{
    "model": "carts.cart",
    "pk": 34,
    "fields": {
        "user": 1,
        "subtotal": "19.50",
        "total": "19.50",
        "updated": "2019-01-14T20:38:36.830Z",
        "timestamp": "2019-01-14T20:38:33.628Z",
        "products": [
            1
        ]
    }
},
{
    "model": "carts.cart",
    "pk": 35,
    "fields": {
        "user": 1,
        "subtotal": "19.50",
        "total": "19.50",
        "updated": "2019-01-19T17:04:24.824Z",
        "timestamp": "2019-01-19T17:04:18.376Z",
        "products": [
            1
        ]
    }
},
{
    "model": "carts.cart",
    "pk": 36,
    "fields": {
        "user": null,
        "subtotal": "0.00",
        "total": "0.00",
        "updated": "2019-01-20T15:25:35.417Z",
        "timestamp": "2019-01-20T15:25:35.417Z",
        "products": []
    }
},
{
    "model": "carts.cart",
    "pk": 37,
    "fields": {
        "user": 1,
        "subtotal": "19.50",
        "total": "19.50",
        "updated": "2019-01-24T19:24:50.970Z",
        "timestamp": "2019-01-24T19:24:50.959Z",
        "products": [
            1
        ]
    }
},
{
    "model": "carts.cart",
    "pk": 38,
    "fields": {
        "user": 1,
        "subtotal": "19.50",
        "total": "19.50",
        "updated": "2019-01-24T19:56:37.315Z",
        "timestamp": "2019-01-24T19:27:43.476Z",
        "products": [
            1
        ]
    }
},
{
    "model": "carts.cart",
    "pk": 39,
    "fields": {
        "user": 1,
        "subtotal": "19.50",
        "total": "19.50",
        "updated": "2019-01-26T19:49:10.331Z",
        "timestamp": "2019-01-26T18:55:32.242Z",
        "products": [
            1
        ]
    }
},
{
    "model": "carts.cart",
    "pk": 40,
    "fields": {
        "user": 1,
        "subtotal": "19.50",
        "total": "19.50",
        "updated": "2019-01-27T14:12:12.277Z",
        "timestamp": "2019-01-27T11:15:54.018Z",
        "products": [
            1
        ]
    }
},
{
    "model": "carts.cart",
    "pk": 41,
    "fields": {
        "user": 1,
        "subtotal": "19.50",
        "total": "19.50",
        "updated": "2019-01-27T16:09:16.386Z",
        "timestamp": "2019-01-27T15:30:40.653Z",
        "products": [
            1
        ]
    }
},
{
    "model": "carts.cart",
    "pk": 42,
    "fields": {
        "user": null,
        "subtotal": "0.00",
        "total": "0.00",
        "updated": "2019-01-27T16:14:18.543Z",
        "timestamp": "2019-01-27T16:14:18.543Z",
        "products": []
    }
},
{
    "model": "carts.cart",
    "pk": 43,
    "fields": {
        "user": 1,
        "subtotal": "19.50",
        "total": "19.50",
        "updated": "2019-01-29T18:37:38.189Z",
        "timestamp": "2019-01-29T18:26:23.925Z",
        "products": [
            1
        ]
    }
},
{
    "model": "carts.cart",
    "pk": 44,
    "fields": {
        "user": 1,
        "subtotal": "19.50",
        "total": "19.50",
        "updated": "2019-01-29T18:44:18.255Z",
        "timestamp": "2019-01-29T18:42:42.727Z",
        "products": [
            1
        ]
    }
},
{
    "model": "carts.cart",
    "pk": 45,
    "fields": {
        "user": 1,
        "subtotal": "19.50",
        "total": "19.50",
        "updated": "2019-02-09T12:38:55.502Z",
        "timestamp": "2019-02-09T12:38:49.459Z",
        "products": [
            1
        ]
    }
},
{
    "model": "carts.cart",
    "pk": 46,
    "fields": {
        "user": 1,
        "subtotal": "19.50",
        "total": "19.50",
        "updated": "2019-02-09T13:02:07.791Z",
        "timestamp": "2019-02-09T13:01:48.258Z",
        "products": [
            1
        ]
    }
},
{
    "model": "carts.cart",
    "pk": 47,
    "fields": {
        "user": 1,
        "subtotal": "19.50",
        "total": "19.50",
        "updated": "2019-02-09T17:04:57.393Z",
        "timestamp": "2019-02-09T15:08:31.529Z",
        "products": [
            1
        ]
    }
},
{
    "model": "carts.cart",
    "pk": 48,
    "fields": {
        "user": 1,
        "subtotal": "19.50",
        "total": "19.50",
        "updated": "2019-02-09T17:16:58.253Z",
        "timestamp": "2019-02-09T17:16:55.030Z",
        "products": [
            1
        ]
    }
},
{
    "model": "carts.cart",
    "pk": 49,
    "fields": {
        "user": null,
        "subtotal": "0.00",
        "total": "0.00",
        "updated": "2019-02-10T13:11:30.857Z",
        "timestamp": "2019-02-10T13:11:30.857Z",
        "products": []
    }
},
{
    "model": "product.product",
    "pk": 1,
    "fields": {
        "title": "Premium Access Tier One",
        "description": "Go Premium",
        "featured": false,
        "active": true,
        "price": "19.50",
        "updated": "2019-01-24T19:58:00.539Z",
        "timestamp": "2018-12-24T15:00:53.607Z"
    }
},
{
    "model": "pages.subcategory",
    "pk": 1,
    "fields": {
        "title": "Excel",
        "slug": "excel",
        "image": "image/2458191669/2458191669.png",
        "short_description": "This is about Excel.",
        "is_sub_category": true,
        "updated": "2018-12-27T14:30:19.560Z",
        "timestamp": "2018-12-27T14:30:19.550Z"
    }
},
{
    "model": "pages.subcategory",
    "pk": 2,
    "fields": {
        "title": "Word",
        "slug": "word",
        "image": "image/2186322901/2186322901.jpg",
        "short_description": "This is about Word.",
        "is_sub_category": true,
        "updated": "2018-12-27T14:30:19.560Z",
        "timestamp": "2018-12-27T14:30:19.550Z"
    }
},
{
    "model": "pages.subcategory",
    "pk": 3,
    "fields": {
        "title": "PowerPoint",
        "slug": "powerpoint",
        "image": "image/762355922/762355922.png",
        "short_description": "This about PPTs.",
        "is_sub_category": true,
        "updated": "2018-12-27T14:30:19.560Z",
        "timestamp": "2018-12-27T14:30:19.550Z"
    }
},
{
    "model": "pages.subcategory",
    "pk": 4,
    "fields": {
        "title": "CoverLetter",
        "slug": "coverletter",
        "image": "",
        "short_description": "stuff about cover letters",
        "is_sub_category": true,
        "updated": "2018-12-27T14:30:19.560Z",
        "timestamp": "2018-12-27T14:30:19.550Z"
    }
},
{
    "model": "pages.categories",
    "pk": 1,
    "fields": {
        "title": "Microsoft Office",
        "slug": "microsoft-office",
        "is_category": true,
        "updated": "2018-12-27T14:30:19.540Z",
        "timestamp": "2018-12-27T14:30:19.529Z",
        "sub_category": [
            1,
            2,
            3
        ]
    }
},
{
    "model": "pages.categories",
    "pk": 2,
    "fields": {
        "title": "CVs",
        "slug": "cvs",
        "is_category": true,
        "updated": "2018-12-27T14:30:19.540Z",
        "timestamp": "2018-12-27T14:30:19.529Z",
        "sub_category": [
            4
        ]
    }
},
{
    "model": "pages.categories",
    "pk": 3,
    "fields": {
        "title": "test category",
        "slug": "test-category",
        "is_category": true,
        "updated": "2019-02-09T15:27:04.029Z",
        "timestamp": "2019-02-09T15:27:04.029Z",
        "sub_category": []
    }
},
{
    "model": "pages.tutorial",
    "pk": 1,
    "fields": {
        "title": "Word Tut 1",
        "slug": "word-tut-1",
        "image": "",
        "short_description": "Sed lectus vestibulum mattis ullamcorper velit sed ullamcorper.",
        "featured": false,
        "behind_paywall": true,
        "category": 1,
        "sub_category": 2,
        "updated": "2018-11-18T11:23:39.199Z",
        "timestamp": "2018-11-03T20:07:35.622Z"
    }
},
{
    "model": "pages.tutorial",
    "pk": 2,
    "fields": {
        "title": "Excel Tut 1",
        "slug": "excel-tut-1",
        "image": "",
        "short_description": "Sed lectus vestibulum mattis ullamcorper velit sed ullamcorper.",
        "featured": true,
        "behind_paywall": false,
        "category": 1,
        "sub_category": 1,
        "updated": "2019-02-11T19:55:06.039Z",
        "timestamp": "2018-11-03T20:08:33.020Z"
    }
},
{
    "model": "pages.tutorial",
    "pk": 3,
    "fields": {
        "title": "PowerPoint Tut 1",
        "slug": "powerpoint-tut-1",
        "image": "",
        "short_description": "Sed lectus vestibulum mattis ullamcorper velit sed ullamcorper.",
        "featured": false,
        "behind_paywall": true,
        "category": 1,
        "sub_category": 3,
        "updated": "2018-11-18T11:23:26.003Z",
        "timestamp": "2018-11-04T12:00:39.977Z"
    }
},
{
    "model": "pages.tutorial",
    "pk": 4,
    "fields": {
        "title": "other stuff",
        "slug": "other-stuff",
        "image": "",
        "short_description": null,
        "featured": false,
        "behind_paywall": true,
        "category": 2,
        "sub_category": 4,
        "updated": "2018-11-18T11:23:19.759Z",
        "timestamp": "2018-11-07T19:22:38.859Z"
    }
},
{
    "model": "pages.tutorial",
    "pk": 5,
    "fields": {
        "title": "Excel Tut 2",
        "slug": "excel-tut-2",
        "image": "",
        "short_description": null,
        "featured": false,
        "behind_paywall": true,
        "category": 1,
        "sub_category": 1,
        "updated": "2019-02-03T15:47:08.686Z",
        "timestamp": "2018-11-17T16:57:24.382Z"
    }
},
{
    "model": "pages.tutorial",
    "pk": 6,
    "fields": {
        "title": "Excel Tut 3",
        "slug": "excel-tut-3",
        "image": "image/653848973/653848973.jpeg",
        "short_description": null,
        "featured": true,
        "behind_paywall": false,
        "category": 1,
        "sub_category": 1,
        "updated": "2018-12-01T20:05:05.483Z",
        "timestamp": "2018-11-17T16:58:10.575Z"
    }
},
{
    "model": "pages.tutorial",
    "pk": 7,
    "fields": {
        "title": "Excel Tut 4",
        "slug": "excel-tut-4",
        "image": "",
        "short_description": "Short description",
        "featured": false,
        "behind_paywall": true,
        "category": 1,
        "sub_category": 1,
        "updated": "2018-11-18T15:36:31.966Z",
        "timestamp": "2018-11-17T16:58:51.519Z"
    }
},
{
    "model": "pages.tutorial",
    "pk": 8,
    "fields": {
        "title": "Excel Tut 5",
        "slug": "excel-tut-5",
        "image": "image/945327387/945327387.png",
        "short_description": "",
        "featured": true,
        "behind_paywall": true,
        "category": 1,
        "sub_category": 1,
        "updated": "2019-02-06T20:32:36.451Z",
        "timestamp": "2018-11-19T18:46:30.764Z"
    }
},
{
    "model": "pages.tutorial",
    "pk": 9,
    "fields": {
        "title": "Awsome Excel",
        "slug": "awsome-excel",
        "image": "image/2373099437/2373099437.jpg",
        "short_description": "",
        "featured": true,
        "behind_paywall": true,
        "category": 1,
        "sub_category": 1,
        "updated": "2019-02-06T20:31:44.071Z",
        "timestamp": "2018-11-20T20:05:32.797Z"
    }
},
{
    "model": "pages.tutorialcontent",
    "pk": 1,
    "fields": {
        "tutorial": 2,
        "video_link": "",
        "video_link_col_params": "col-12 col-md-10 mx-auto",
        "image": "",
        "image_col_params": "col-12 col-md-5 mx-auto",
        "text": "For some Brexit supporters in Mrs May's party the message is simple - bin the backstop.\r\n\r\nBut in answers to questions after her Belfast speech, she seemed clear that a withdrawal deal will need a backstop of some sort.\r\n\r\nShe said: \"There is no suggestion that we are not going to ensure in the future there is provision for this insurance policy... the backstop.\r\n\r\n\"What parliament has said... is that they want to see changes to the backstop as it currently exists within the protocol, as part of the withdrawal agreement.\"\r\n\r\nThat may put her at odds with members of her own party who want radical change to the backstop.\r\n\r\nMrs May also said she wanted to strengthen the UK's \"unique\" relationship with the Irish government - restating the UK Government's readiness to support the \"tantalising possibility\" of a joint UK-Irish bid for the football World Cup in 2030.\r\n\r\nShe said she was \"grateful\" to businesses and farming groups that had supported the backstop in the withdrawal agreement.\r\n\r\nUltimately, the deal was rejected by Parliament when the deal was defeated by 230 votes.\r\n\r\nThe prime minister has now moved to ask the EU to re-open the withdrawal agreement and allow legally binding changes to be made to the backstop.\r\n\r\nThe backstop is an insurance policy designed to avoid a hard border \"under all circumstances\" between Northern Ireland and the Irish Republic after Brexit",
        "text_col_params": "col-12 mx-auto",
        "html_text": null,
        "html_text_col_params": "col-12 mx-auto"
    }
},
{
    "model": "pages.tutorialcontent",
    "pk": 2,
    "fields": {
        "tutorial": 2,
        "video_link": "",
        "video_link_col_params": "col-12 col-md-10 mx-auto",
        "image": "image/1353655186/1353655186.jpg",
        "image_col_params": "col-12 col-md-5 mx-auto",
        "text": "This is a picture of myself.",
        "text_col_params": "col-12 mx-auto",
        "html_text": null,
        "html_text_col_params": "col-12 mx-auto"
    }
},
{
    "model": "pages.tutorialcontent",
    "pk": 4,
    "fields": {
        "tutorial": 2,
        "video_link": "",
        "video_link_col_params": "col-12 col-md-10 mx-auto",
        "image": "",
        "image_col_params": "col-12 col-md-5 mx-auto",
        "text": "She said she was \"grateful\" to businesses and farming groups that had supported the backstop in the withdrawal agreement.\r\n\r\nUltimately, the deal was rejected by Parliament when the deal was defeated by 230 votes.\r\n\r\nThe prime minister has now moved to ask the EU to re-open the withdrawal agreement and allow legally binding changes to be made to the backstop.\r\n\r\nThe backstop is an insurance policy designed to avoid a hard border \"under all circumstances\" between Northern Ireland and the Irish Republic after Brexit\r\n\r\nFor some Brexit supporters in Mrs May's party the message is simple - bin the backstop.\r\n\r\nBut in answers to questions after her Belfast speech, she seemed clear that a withdrawal deal will need a backstop of some sort.\r\n\r\nShe said: \"There is no suggestion that we are not going to ensure in the future there is provision for this insurance policy... the backstop.\r\n\r\n\"What parliament has said... is that they want to see changes to the backstop as it currently exists within the protocol, as part of the withdrawal agreement.\"\r\n\r\nThat may put her at odds with members of her own party who want radical change to the backstop.\r\n\r\nMrs May also said she wanted to strengthen the UK's \"unique\" relationship with the Irish government - restating the UK Government's readiness to support the \"tantalising possibility\" of a joint UK-Irish bid for the football World Cup in 2030.",
        "text_col_params": "col-12 mx-auto",
        "html_text": null,
        "html_text_col_params": "col-12 mx-auto"
    }
},
{
    "model": "pages.tutorialcontent",
    "pk": 5,
    "fields": {
        "tutorial": 2,
        "video_link": "https://www.youtube.com/embed/Kq6f76BEBKI",
        "video_link_col_params": "col-12 col-md-10 mx-auto",
        "image": "",
        "image_col_params": "col-12 col-md-5 mx-auto",
        "text": "",
        "text_col_params": "col-12 mx-auto",
        "html_text": null,
        "html_text_col_params": "col-12 mx-auto"
    }
},
{
    "model": "pages.tutorialcontent",
    "pk": 6,
    "fields": {
        "tutorial": 2,
        "video_link": "",
        "video_link_col_params": "col-12 col-md-10 mx-auto",
        "image": "",
        "image_col_params": "col-12 col-md-5 mx-auto",
        "text": "<ul style=\"list-style-type:disc;\">\r\n  <li>Coffee</li>\r\n  <li>Tea</li>\r\n  <li>Milk</li>\r\n</ul>",
        "text_col_params": "col-12 mx-auto",
        "html_text": null,
        "html_text_col_params": "col-12 mx-auto"
    }
},
{
    "model": "pages.tutorialcontent",
    "pk": 7,
    "fields": {
        "tutorial": 2,
        "video_link": "",
        "video_link_col_params": "col-12 col-md-10 mx-auto",
        "image": "",
        "image_col_params": "col-12 col-md-5 mx-auto",
        "text": "<p style=\"text-align: center;\"><strong>Introduction</strong></p>\r\n<p><span style=\"font-weight: 400;\">The work and pensions secretary said she was \"absolutely clear there were challenges with the initial roll-out\" of the benefit and that the difficulty in accessing money was \"one of the causes\" of the rise.</span></p>\r\n<p><span style=\"font-weight: 400;\">But she said the government had made changes to help tackle food insecurity.</span></p>\r\n<p><span style=\"font-weight: 400;\">Food bank operator Trussell Trust said it was a \"promising\" acknowledgement.</span></p>\r\n<p><span style=\"font-weight: 400;\">Universal credit has been plagued with problems since its inception in 2010.</span></p>\r\n<p><span style=\"font-weight: 400;\">The monthly payment merges six different benefits for working age people into one and has been subject to a gradual roll-out across the UK.</span></p>\r\n<p><span style=\"font-weight: 400;\">The system was supposed to be up and running by April 2017, but it has faced numerous delays and is now not expected to be fully operational until December 2023.</span></p>\r\n<p><br /><br /></p>\r\n<ul>\r\n<li style=\"font-weight: 400;\"><span style=\"font-weight: 400;\">Step 1</span></li>\r\n<li style=\"font-weight: 400;\"><span style=\"font-weight: 400;\">Step 2</span></li>\r\n<li style=\"font-weight: 400;\"><span style=\"font-weight: 400;\">Step 3</span></li>\r\n<li style=\"font-weight: 400;\"><span style=\"font-weight: 400;\">Step 4</span></li>\r\n<li style=\"font-weight: 400;\"><span style=\"font-weight: 400;\">Step 5</span></li>\r\n<li style=\"font-weight: 400;\"><span style=\"font-weight: 400;\">Step 6</span></li>\r\n</ul>",
        "text_col_params": "col-12 mx-auto",
        "html_text": "<p style=\"text-align: center;\"><strong>Introduction</strong></p>\r\n<p><span style=\"font-weight: 400;\">The work and pensions secretary said she was \"absolutely clear there were challenges with the initial roll-out\" of the benefit and that the difficulty in accessing money was \"one of the causes\" of the rise.</span></p>\r\n<p><span style=\"font-weight: 400;\">But she said the government had made changes to help tackle food insecurity.</span></p>\r\n<p><span style=\"font-weight: 400;\">Food bank operator Trussell Trust said it was a \"promising\" acknowledgement.</span></p>\r\n<p><span style=\"font-weight: 400;\">Universal credit has been plagued with problems since its inception in 2010.</span></p>\r\n<p><span style=\"font-weight: 400;\">The monthly payment merges six different benefits for working age people into one and has been subject to a gradual roll-out across the UK.</span></p>\r\n<p><span style=\"font-weight: 400;\">The system was supposed to be up and running by April 2017, but it has faced numerous delays and is now not expected to be fully operational until December 2023.</span></p>\r\n<p><br /><br /></p>\r\n<ul>\r\n<li style=\"font-weight: 400;\"><span style=\"font-weight: 400;\">Step 1</span></li>\r\n<li style=\"font-weight: 400;\"><span style=\"font-weight: 400;\">Step 2</span></li>\r\n<li style=\"font-weight: 400;\"><span style=\"font-weight: 400;\">Step 3</span></li>\r\n<li style=\"font-weight: 400;\"><span style=\"font-weight: 400;\">Step 4</span></li>\r\n<li style=\"font-weight: 400;\"><span style=\"font-weight: 400;\">Step 5</span></li>\r\n<li style=\"font-weight: 400;\"><span style=\"font-weight: 400;\">Step 6</span></li>\r\n</ul>",
        "html_text_col_params": "col-12 mx-auto"
    }
},
{
    "model": "pages.tutorialfile",
    "pk": 1,
    "fields": {
        "tutorial": 5,
        "thumbnail": "",
        "file": "tutorial/excel-tut-2/IMG_20190105_213607.jpg",
        "is_free": false
    }
},
{
    "model": "pages.tutorialfile",
    "pk": 5,
    "fields": {
        "tutorial": 2,
        "thumbnail": "",
        "file": "tutorial/excel-tut-1/ORourke_2.jpg",
        "is_free": false
    }
},
{
    "model": "pages.tutorialfile",
    "pk": 6,
    "fields": {
        "tutorial": 2,
        "thumbnail": "",
        "file": "tutorial/excel-tut-1/2018_08_16_Payslip.pdf",
        "is_free": false
    }
},
{
    "model": "pages.tutorialfile",
    "pk": 7,
    "fields": {
        "tutorial": 2,
        "thumbnail": "",
        "file": "tutorial/excel-tut-1/video-1547382928.mp4",
        "is_free": false
    }
},
{
    "model": "Tags.tag",
    "pk": 1,
    "fields": {
        "title": "PPT",
        "slug": "ppt",
        "active": true,
        "updated": "2019-02-10T15:57:31.133Z",
        "timestamp": "2019-02-10T15:57:01.858Z",
        "tutorials": [
            3
        ]
    }
},
{
    "model": "admin.logentry",
    "pk": 1,
    "fields": {
        "action_time": "2018-10-21T14:40:24.203Z",
        "user": 1,
        "content_type": 8,
        "object_id": "1",
        "object_repr": "What is up? Que pasa?",
        "action_flag": 1,
        "change_message": "[{\"added\": {}}]"
    }
},
{
    "model": "admin.logentry",
    "pk": 2,
    "fields": {
        "action_time": "2018-10-21T14:41:44.588Z",
        "user": 1,
        "content_type": 8,
        "object_id": "1",
        "object_repr": "What is up? Que pasa?",
        "action_flag": 2,
        "change_message": "[{\"changed\": {\"fields\": [\"pub_date\"]}}]"
    }
},
{
    "model": "admin.logentry",
    "pk": 3,
    "fields": {
        "action_time": "2018-10-21T15:20:42.551Z",
        "user": 1,
        "content_type": 8,
        "object_id": "1",
        "object_repr": "What is up? Que pasa?",
        "action_flag": 2,
        "change_message": "[]"
    }
},
{
    "model": "admin.logentry",
    "pk": 4,
    "fields": {
        "action_time": "2018-10-21T15:21:21.666Z",
        "user": 1,
        "content_type": 8,
        "object_id": "2",
        "object_repr": "Question 2",
        "action_flag": 1,
        "change_message": "[{\"added\": {}}]"
    }
},
{
    "model": "admin.logentry",
    "pk": 5,
    "fields": {
        "action_time": "2018-10-21T15:21:32.056Z",
        "user": 1,
        "content_type": 8,
        "object_id": "3",
        "object_repr": "Question 3",
        "action_flag": 1,
        "change_message": "[{\"added\": {}}]"
    }
},
{
    "model": "admin.logentry",
    "pk": 6,
    "fields": {
        "action_time": "2018-10-21T15:24:11.993Z",
        "user": 1,
        "content_type": 8,
        "object_id": "4",
        "object_repr": "question 4",
        "action_flag": 1,
        "change_message": "[{\"added\": {}}]"
    }
},
{
    "model": "admin.logentry",
    "pk": 7,
    "fields": {
        "action_time": "2018-10-23T18:22:41.567Z",
        "user": 1,
        "content_type": 7,
        "object_id": "1",
        "object_repr": "Choice 1",
        "action_flag": 1,
        "change_message": "[{\"added\": {}}]"
    }
},
{
    "model": "admin.logentry",
    "pk": 8,
    "fields": {
        "action_time": "2018-10-23T18:23:05.826Z",
        "user": 1,
        "content_type": 7,
        "object_id": "1",
        "object_repr": "Choice 1",
        "action_flag": 2,
        "change_message": "[]"
    }
},
{
    "model": "admin.logentry",
    "pk": 9,
    "fields": {
        "action_time": "2018-10-23T18:23:06.698Z",
        "user": 1,
        "content_type": 7,
        "object_id": "1",
        "object_repr": "Choice 1",
        "action_flag": 2,
        "change_message": "[]"
    }
},
{
    "model": "admin.logentry",
    "pk": 10,
    "fields": {
        "action_time": "2018-10-23T18:23:25.394Z",
        "user": 1,
        "content_type": 7,
        "object_id": "2",
        "object_repr": "Choice 2",
        "action_flag": 1,
        "change_message": "[{\"added\": {}}]"
    }
},
{
    "model": "admin.logentry",
    "pk": 11,
    "fields": {
        "action_time": "2018-10-23T18:23:55.544Z",
        "user": 1,
        "content_type": 7,
        "object_id": "3",
        "object_repr": "Choice 3",
        "action_flag": 1,
        "change_message": "[{\"added\": {}}]"
    }
},
{
    "model": "admin.logentry",
    "pk": 12,
    "fields": {
        "action_time": "2018-10-24T18:36:22.192Z",
        "user": 1,
        "content_type": 8,
        "object_id": "5",
        "object_repr": "Question 5",
        "action_flag": 1,
        "change_message": "[{\"added\": {}}]"
    }
},
{
    "model": "admin.logentry",
    "pk": 13,
    "fields": {
        "action_time": "2018-11-03T20:07:35.623Z",
        "user": 1,
        "content_type": 9,
        "object_id": "1",
        "object_repr": "Topic 1",
        "action_flag": 1,
        "change_message": "[{\"added\": {}}]"
    }
},
{
    "model": "admin.logentry",
    "pk": 14,
    "fields": {
        "action_time": "2018-11-03T20:08:33.020Z",
        "user": 1,
        "content_type": 9,
        "object_id": "2",
        "object_repr": "Topic 2",
        "action_flag": 1,
        "change_message": "[{\"added\": {}}]"
    }
},
{
    "model": "admin.logentry",
    "pk": 15,
    "fields": {
        "action_time": "2018-11-04T12:00:39.977Z",
        "user": 1,
        "content_type": 9,
        "object_id": "3",
        "object_repr": "Topic 3",
        "action_flag": 1,
        "change_message": "[{\"added\": {}}]"
    }
},
{
    "model": "admin.logentry",
    "pk": 16,
    "fields": {
        "action_time": "2018-11-04T15:23:32.943Z",
        "user": 1,
        "content_type": 9,
        "object_id": "1",
        "object_repr": "Topic 1",
        "action_flag": 2,
        "change_message": "[{\"changed\": {\"fields\": [\"content\"]}}]"
    }
},
{
    "model": "admin.logentry",
    "pk": 17,
    "fields": {
        "action_time": "2018-11-04T15:23:46.121Z",
        "user": 1,
        "content_type": 9,
        "object_id": "2",
        "object_repr": "Topic 2",
        "action_flag": 2,
        "change_message": "[{\"changed\": {\"fields\": [\"short_description\", \"content\"]}}]"
    }
},
{
    "model": "admin.logentry",
    "pk": 18,
    "fields": {
        "action_time": "2018-11-04T15:23:53.131Z",
        "user": 1,
        "content_type": 9,
        "object_id": "2",
        "object_repr": "Topic 2",
        "action_flag": 2,
        "change_message": "[]"
    }
},
{
    "model": "admin.logentry",
    "pk": 19,
    "fields": {
        "action_time": "2018-11-04T15:25:04.074Z",
        "user": 1,
        "content_type": 9,
        "object_id": "3",
        "object_repr": "Topic 3",
        "action_flag": 2,
        "change_message": "[{\"changed\": {\"fields\": [\"short_description\", \"content\", \"video_link\"]}}]"
    }
},
{
    "model": "admin.logentry",
    "pk": 20,
    "fields": {
        "action_time": "2018-11-06T17:58:46.893Z",
        "user": 1,
        "content_type": 9,
        "object_id": "1",
        "object_repr": "Topic 1",
        "action_flag": 2,
        "change_message": "[{\"changed\": {\"fields\": [\"short_description\"]}}]"
    }
},
{
    "model": "admin.logentry",
    "pk": 21,
    "fields": {
        "action_time": "2018-11-06T18:02:51.391Z",
        "user": 1,
        "content_type": 9,
        "object_id": "1",
        "object_repr": "Word",
        "action_flag": 2,
        "change_message": "[{\"changed\": {\"fields\": [\"title\"]}}]"
    }
},
{
    "model": "admin.logentry",
    "pk": 22,
    "fields": {
        "action_time": "2018-11-06T18:03:18.572Z",
        "user": 1,
        "content_type": 9,
        "object_id": "2",
        "object_repr": "Excel",
        "action_flag": 2,
        "change_message": "[{\"changed\": {\"fields\": [\"title\"]}}]"
    }
},
{
    "model": "admin.logentry",
    "pk": 23,
    "fields": {
        "action_time": "2018-11-06T18:03:28.611Z",
        "user": 1,
        "content_type": 9,
        "object_id": "3",
        "object_repr": "PowerPoint",
        "action_flag": 2,
        "change_message": "[{\"changed\": {\"fields\": [\"title\"]}}]"
    }
},
{
    "model": "admin.logentry",
    "pk": 24,
    "fields": {
        "action_time": "2018-11-06T18:14:02.594Z",
        "user": 1,
        "content_type": 9,
        "object_id": "3",
        "object_repr": "PowerPoint",
        "action_flag": 2,
        "change_message": "[{\"changed\": {\"fields\": [\"category\"]}}]"
    }
},
{
    "model": "admin.logentry",
    "pk": 25,
    "fields": {
        "action_time": "2018-11-06T18:14:36.951Z",
        "user": 1,
        "content_type": 9,
        "object_id": "3",
        "object_repr": "PowerPoint Tut",
        "action_flag": 2,
        "change_message": "[{\"changed\": {\"fields\": [\"title\", \"category\", \"sub_category\"]}}]"
    }
},
{
    "model": "admin.logentry",
    "pk": 26,
    "fields": {
        "action_time": "2018-11-06T18:15:17.382Z",
        "user": 1,
        "content_type": 9,
        "object_id": "2",
        "object_repr": "Excel Tut 1",
        "action_flag": 2,
        "change_message": "[{\"changed\": {\"fields\": [\"title\", \"category\", \"sub_category\"]}}]"
    }
},
{
    "model": "admin.logentry",
    "pk": 27,
    "fields": {
        "action_time": "2018-11-06T18:15:37.959Z",
        "user": 1,
        "content_type": 9,
        "object_id": "3",
        "object_repr": "PowerPoint Tut",
        "action_flag": 2,
        "change_message": "[{\"changed\": {\"fields\": [\"category\", \"sub_category\"]}}]"
    }
},
{
    "model": "admin.logentry",
    "pk": 28,
    "fields": {
        "action_time": "2018-11-06T18:16:17.764Z",
        "user": 1,
        "content_type": 9,
        "object_id": "1",
        "object_repr": "Word Tut 1",
        "action_flag": 2,
        "change_message": "[{\"changed\": {\"fields\": [\"title\", \"category\", \"sub_category\"]}}]"
    }
},
{
    "model": "admin.logentry",
    "pk": 29,
    "fields": {
        "action_time": "2018-11-06T18:16:50.279Z",
        "user": 1,
        "content_type": 9,
        "object_id": "3",
        "object_repr": "PowerPoint Tut 1",
        "action_flag": 2,
        "change_message": "[{\"changed\": {\"fields\": [\"title\"]}}]"
    }
},
{
    "model": "admin.logentry",
    "pk": 30,
    "fields": {
        "action_time": "2018-11-06T19:22:08.675Z",
        "user": 1,
        "content_type": 11,
        "object_id": "1",
        "object_repr": "SubCategory object",
        "action_flag": 1,
        "change_message": "[{\"added\": {}}]"
    }
},
{
    "model": "admin.logentry",
    "pk": 31,
    "fields": {
        "action_time": "2018-11-06T19:22:16.903Z",
        "user": 1,
        "content_type": 11,
        "object_id": "2",
        "object_repr": "SubCategory object",
        "action_flag": 1,
        "change_message": "[{\"added\": {}}]"
    }
},
{
    "model": "admin.logentry",
    "pk": 32,
    "fields": {
        "action_time": "2018-11-06T19:22:24.957Z",
        "user": 1,
        "content_type": 11,
        "object_id": "3",
        "object_repr": "SubCategory object",
        "action_flag": 1,
        "change_message": "[{\"added\": {}}]"
    }
},
{
    "model": "admin.logentry",
    "pk": 33,
    "fields": {
        "action_time": "2018-11-06T19:22:26.518Z",
        "user": 1,
        "content_type": 10,
        "object_id": "1",
        "object_repr": "Categories object",
        "action_flag": 1,
        "change_message": "[{\"added\": {}}]"
    }
},
{
    "model": "admin.logentry",
    "pk": 34,
    "fields": {
        "action_time": "2018-11-06T19:35:49.385Z",
        "user": 1,
        "content_type": 9,
        "object_id": "3",
        "object_repr": "PowerPoint Tut 1",
        "action_flag": 2,
        "change_message": "[{\"changed\": {\"fields\": [\"category\", \"sub_category\"]}}]"
    }
},
{
    "model": "admin.logentry",
    "pk": 35,
    "fields": {
        "action_time": "2018-11-06T19:36:02.257Z",
        "user": 1,
        "content_type": 9,
        "object_id": "2",
        "object_repr": "Excel Tut 1",
        "action_flag": 2,
        "change_message": "[{\"changed\": {\"fields\": [\"category\", \"sub_category\"]}}]"
    }
},
{
    "model": "admin.logentry",
    "pk": 36,
    "fields": {
        "action_time": "2018-11-06T19:36:10.933Z",
        "user": 1,
        "content_type": 9,
        "object_id": "1",
        "object_repr": "Word Tut 1",
        "action_flag": 2,
        "change_message": "[{\"changed\": {\"fields\": [\"category\", \"sub_category\"]}}]"
    }
},
{
    "model": "admin.logentry",
    "pk": 37,
    "fields": {
        "action_time": "2018-11-07T19:21:43.967Z",
        "user": 1,
        "content_type": 9,
        "object_id": "3",
        "object_repr": "PowerPoint Tut 1",
        "action_flag": 2,
        "change_message": "[]"
    }
},
{
    "model": "admin.logentry",
    "pk": 38,
    "fields": {
        "action_time": "2018-11-07T19:22:00.805Z",
        "user": 1,
        "content_type": 10,
        "object_id": "1",
        "object_repr": "microsoft_office",
        "action_flag": 2,
        "change_message": "[{\"changed\": {\"fields\": [\"category\"]}}]"
    }
},
{
    "model": "admin.logentry",
    "pk": 39,
    "fields": {
        "action_time": "2018-11-07T19:22:38.859Z",
        "user": 1,
        "content_type": 9,
        "object_id": "4",
        "object_repr": "other stuff",
        "action_flag": 1,
        "change_message": "[{\"added\": {}}]"
    }
},
{
    "model": "admin.logentry",
    "pk": 40,
    "fields": {
        "action_time": "2018-11-07T19:38:32.235Z",
        "user": 1,
        "content_type": 9,
        "object_id": "3",
        "object_repr": "PowerPoint Tut 1",
        "action_flag": 2,
        "change_message": "[{\"changed\": {\"fields\": [\"test\"]}}]"
    }
},
{
    "model": "admin.logentry",
    "pk": 41,
    "fields": {
        "action_time": "2018-11-07T19:38:38.864Z",
        "user": 1,
        "content_type": 9,
        "object_id": "2",
        "object_repr": "Excel Tut 1",
        "action_flag": 2,
        "change_message": "[{\"changed\": {\"fields\": [\"test\"]}}]"
    }
},
{
    "model": "admin.logentry",
    "pk": 42,
    "fields": {
        "action_time": "2018-11-07T19:38:44.745Z",
        "user": 1,
        "content_type": 9,
        "object_id": "1",
        "object_repr": "Word Tut 1",
        "action_flag": 2,
        "change_message": "[{\"changed\": {\"fields\": [\"test\"]}}]"
    }
},
{
    "model": "admin.logentry",
    "pk": 43,
    "fields": {
        "action_time": "2018-11-07T19:52:16.422Z",
        "user": 1,
        "content_type": 9,
        "object_id": "2",
        "object_repr": "Excel Tut 1",
        "action_flag": 2,
        "change_message": "[{\"changed\": {\"fields\": [\"test2\"]}}]"
    }
},
{
    "model": "admin.logentry",
    "pk": 44,
    "fields": {
        "action_time": "2018-11-17T12:19:44.823Z",
        "user": 1,
        "content_type": 9,
        "object_id": "2",
        "object_repr": "Excel Tut 1",
        "action_flag": 2,
        "change_message": "[]"
    }
},
{
    "model": "admin.logentry",
    "pk": 45,
    "fields": {
        "action_time": "2018-11-17T15:21:09.007Z",
        "user": 1,
        "content_type": 11,
        "object_id": "3",
        "object_repr": "PowerPoint",
        "action_flag": 2,
        "change_message": "[{\"changed\": {\"fields\": [\"title\", \"short_description\"]}}]"
    }
},
{
    "model": "admin.logentry",
    "pk": 46,
    "fields": {
        "action_time": "2018-11-17T15:21:29.521Z",
        "user": 1,
        "content_type": 11,
        "object_id": "2",
        "object_repr": "Word",
        "action_flag": 2,
        "change_message": "[{\"changed\": {\"fields\": [\"title\", \"short_description\"]}}]"
    }
},
{
    "model": "admin.logentry",
    "pk": 47,
    "fields": {
        "action_time": "2018-11-17T15:22:14.135Z",
        "user": 1,
        "content_type": 11,
        "object_id": "1",
        "object_repr": "Excel",
        "action_flag": 2,
        "change_message": "[{\"changed\": {\"fields\": [\"title\", \"short_description\"]}}]"
    }
},
{
    "model": "admin.logentry",
    "pk": 48,
    "fields": {
        "action_time": "2018-11-17T15:53:42.876Z",
        "user": 1,
        "content_type": 10,
        "object_id": "1",
        "object_repr": "Microsoft Office",
        "action_flag": 2,
        "change_message": "[{\"changed\": {\"fields\": [\"category\", \"safe_title\"]}}]"
    }
},
{
    "model": "admin.logentry",
    "pk": 49,
    "fields": {
        "action_time": "2018-11-17T15:54:30.250Z",
        "user": 1,
        "content_type": 10,
        "object_id": "2",
        "object_repr": "CVs",
        "action_flag": 1,
        "change_message": "[{\"added\": {}}]"
    }
},
{
    "model": "admin.logentry",
    "pk": 50,
    "fields": {
        "action_time": "2018-11-17T15:54:45.007Z",
        "user": 1,
        "content_type": 10,
        "object_id": "2",
        "object_repr": "CVs",
        "action_flag": 2,
        "change_message": "[{\"changed\": {\"fields\": [\"sub_category\"]}}]"
    }
},
{
    "model": "admin.logentry",
    "pk": 51,
    "fields": {
        "action_time": "2018-11-17T15:54:51.327Z",
        "user": 1,
        "content_type": 10,
        "object_id": "1",
        "object_repr": "Microsoft Office",
        "action_flag": 2,
        "change_message": "[]"
    }
},
{
    "model": "admin.logentry",
    "pk": 52,
    "fields": {
        "action_time": "2018-11-17T15:54:59.660Z",
        "user": 1,
        "content_type": 10,
        "object_id": "2",
        "object_repr": "CVs",
        "action_flag": 2,
        "change_message": "[{\"changed\": {\"fields\": [\"sub_category\"]}}]"
    }
},
{
    "model": "admin.logentry",
    "pk": 53,
    "fields": {
        "action_time": "2018-11-17T15:55:48.230Z",
        "user": 1,
        "content_type": 11,
        "object_id": "4",
        "object_repr": "CoverLetter",
        "action_flag": 1,
        "change_message": "[{\"added\": {}}]"
    }
},
{
    "model": "admin.logentry",
    "pk": 54,
    "fields": {
        "action_time": "2018-11-17T15:56:09.031Z",
        "user": 1,
        "content_type": 10,
        "object_id": "2",
        "object_repr": "CVs",
        "action_flag": 2,
        "change_message": "[{\"changed\": {\"fields\": [\"sub_category\"]}}]"
    }
},
{
    "model": "admin.logentry",
    "pk": 55,
    "fields": {
        "action_time": "2018-11-17T15:57:15.665Z",
        "user": 1,
        "content_type": 10,
        "object_id": "2",
        "object_repr": "CVs",
        "action_flag": 2,
        "change_message": "[]"
    }
},
{
    "model": "admin.logentry",
    "pk": 56,
    "fields": {
        "action_time": "2018-11-17T16:00:13.490Z",
        "user": 1,
        "content_type": 10,
        "object_id": "2",
        "object_repr": "CVs",
        "action_flag": 2,
        "change_message": "[]"
    }
},
{
    "model": "admin.logentry",
    "pk": 57,
    "fields": {
        "action_time": "2018-11-17T16:00:27.539Z",
        "user": 1,
        "content_type": 11,
        "object_id": "4",
        "object_repr": "CoverLetter",
        "action_flag": 2,
        "change_message": "[]"
    }
},
{
    "model": "admin.logentry",
    "pk": 58,
    "fields": {
        "action_time": "2018-11-17T16:42:59.918Z",
        "user": 1,
        "content_type": 9,
        "object_id": "3",
        "object_repr": "PowerPoint Tut 1",
        "action_flag": 2,
        "change_message": "[]"
    }
},
{
    "model": "admin.logentry",
    "pk": 59,
    "fields": {
        "action_time": "2018-11-17T16:43:06.850Z",
        "user": 1,
        "content_type": 9,
        "object_id": "3",
        "object_repr": "PowerPoint Tut 1",
        "action_flag": 2,
        "change_message": "[]"
    }
},
{
    "model": "admin.logentry",
    "pk": 60,
    "fields": {
        "action_time": "2018-11-17T16:43:10.316Z",
        "user": 1,
        "content_type": 9,
        "object_id": "2",
        "object_repr": "Excel Tut 1",
        "action_flag": 2,
        "change_message": "[]"
    }
},
{
    "model": "admin.logentry",
    "pk": 61,
    "fields": {
        "action_time": "2018-11-17T16:43:36.530Z",
        "user": 1,
        "content_type": 9,
        "object_id": "1",
        "object_repr": "Word Tut 1",
        "action_flag": 2,
        "change_message": "[]"
    }
},
{
    "model": "admin.logentry",
    "pk": 62,
    "fields": {
        "action_time": "2018-11-17T16:43:45.383Z",
        "user": 1,
        "content_type": 9,
        "object_id": "4",
        "object_repr": "other stuff",
        "action_flag": 2,
        "change_message": "[{\"changed\": {\"fields\": [\"category\", \"sub_category\"]}}]"
    }
},
{
    "model": "admin.logentry",
    "pk": 63,
    "fields": {
        "action_time": "2018-11-17T16:49:29.134Z",
        "user": 1,
        "content_type": 11,
        "object_id": "1",
        "object_repr": "Excel",
        "action_flag": 2,
        "change_message": "[{\"changed\": {\"fields\": [\"safe_title\"]}}]"
    }
},
{
    "model": "admin.logentry",
    "pk": 64,
    "fields": {
        "action_time": "2018-11-17T16:49:32.468Z",
        "user": 1,
        "content_type": 11,
        "object_id": "4",
        "object_repr": "CoverLetter",
        "action_flag": 2,
        "change_message": "[]"
    }
},
{
    "model": "admin.logentry",
    "pk": 65,
    "fields": {
        "action_time": "2018-11-17T16:49:39.984Z",
        "user": 1,
        "content_type": 11,
        "object_id": "3",
        "object_repr": "PowerPoint",
        "action_flag": 2,
        "change_message": "[{\"changed\": {\"fields\": [\"safe_title\"]}}]"
    }
},
{
    "model": "admin.logentry",
    "pk": 66,
    "fields": {
        "action_time": "2018-11-17T16:49:42.803Z",
        "user": 1,
        "content_type": 11,
        "object_id": "1",
        "object_repr": "Excel",
        "action_flag": 2,
        "change_message": "[]"
    }
},
{
    "model": "admin.logentry",
    "pk": 67,
    "fields": {
        "action_time": "2018-11-17T16:49:49.913Z",
        "user": 1,
        "content_type": 11,
        "object_id": "2",
        "object_repr": "Word",
        "action_flag": 2,
        "change_message": "[{\"changed\": {\"fields\": [\"safe_title\"]}}]"
    }
},
{
    "model": "admin.logentry",
    "pk": 68,
    "fields": {
        "action_time": "2018-11-17T16:57:24.382Z",
        "user": 1,
        "content_type": 9,
        "object_id": "5",
        "object_repr": "Excel Tut 2",
        "action_flag": 1,
        "change_message": "[{\"added\": {}}]"
    }
},
{
    "model": "admin.logentry",
    "pk": 69,
    "fields": {
        "action_time": "2018-11-17T16:58:10.576Z",
        "user": 1,
        "content_type": 9,
        "object_id": "6",
        "object_repr": "Excel Tut 3",
        "action_flag": 1,
        "change_message": "[{\"added\": {}}]"
    }
},
{
    "model": "admin.logentry",
    "pk": 70,
    "fields": {
        "action_time": "2018-11-17T16:58:51.519Z",
        "user": 1,
        "content_type": 9,
        "object_id": "7",
        "object_repr": "Excel Tut 4",
        "action_flag": 1,
        "change_message": "[{\"added\": {}}]"
    }
},
{
    "model": "admin.logentry",
    "pk": 71,
    "fields": {
        "action_time": "2018-11-17T17:04:59.777Z",
        "user": 1,
        "content_type": 9,
        "object_id": "7",
        "object_repr": "Excel Tut 4",
        "action_flag": 2,
        "change_message": "[{\"changed\": {\"fields\": [\"short_description\"]}}]"
    }
},
{
    "model": "admin.logentry",
    "pk": 72,
    "fields": {
        "action_time": "2018-11-17T20:18:44.773Z",
        "user": 1,
        "content_type": 10,
        "object_id": "1",
        "object_repr": "Microsoft Office",
        "action_flag": 2,
        "change_message": "[]"
    }
},
{
    "model": "admin.logentry",
    "pk": 73,
    "fields": {
        "action_time": "2018-11-17T20:18:58.113Z",
        "user": 1,
        "content_type": 10,
        "object_id": "1",
        "object_repr": "Microsoft Office",
        "action_flag": 2,
        "change_message": "[]"
    }
},
{
    "model": "admin.logentry",
    "pk": 74,
    "fields": {
        "action_time": "2018-11-17T20:19:02.110Z",
        "user": 1,
        "content_type": 10,
        "object_id": "2",
        "object_repr": "CVs",
        "action_flag": 2,
        "change_message": "[]"
    }
},
{
    "model": "admin.logentry",
    "pk": 75,
    "fields": {
        "action_time": "2018-11-17T20:19:04.453Z",
        "user": 1,
        "content_type": 10,
        "object_id": "2",
        "object_repr": "CVs",
        "action_flag": 2,
        "change_message": "[]"
    }
},
{
    "model": "admin.logentry",
    "pk": 76,
    "fields": {
        "action_time": "2018-11-17T20:23:01.119Z",
        "user": 1,
        "content_type": 11,
        "object_id": "4",
        "object_repr": "CoverLetter",
        "action_flag": 2,
        "change_message": "[]"
    }
},
{
    "model": "admin.logentry",
    "pk": 77,
    "fields": {
        "action_time": "2018-11-17T20:23:07.641Z",
        "user": 1,
        "content_type": 11,
        "object_id": "4",
        "object_repr": "CoverLetter",
        "action_flag": 2,
        "change_message": "[]"
    }
},
{
    "model": "admin.logentry",
    "pk": 78,
    "fields": {
        "action_time": "2018-11-17T20:23:10.246Z",
        "user": 1,
        "content_type": 11,
        "object_id": "3",
        "object_repr": "PowerPoint",
        "action_flag": 2,
        "change_message": "[]"
    }
},
{
    "model": "admin.logentry",
    "pk": 79,
    "fields": {
        "action_time": "2018-11-17T20:23:11.682Z",
        "user": 1,
        "content_type": 11,
        "object_id": "3",
        "object_repr": "PowerPoint",
        "action_flag": 2,
        "change_message": "[]"
    }
},
{
    "model": "admin.logentry",
    "pk": 80,
    "fields": {
        "action_time": "2018-11-17T20:23:14.860Z",
        "user": 1,
        "content_type": 11,
        "object_id": "2",
        "object_repr": "Word",
        "action_flag": 2,
        "change_message": "[]"
    }
},
{
    "model": "admin.logentry",
    "pk": 81,
    "fields": {
        "action_time": "2018-11-17T20:23:16.095Z",
        "user": 1,
        "content_type": 11,
        "object_id": "2",
        "object_repr": "Word",
        "action_flag": 2,
        "change_message": "[]"
    }
},
{
    "model": "admin.logentry",
    "pk": 82,
    "fields": {
        "action_time": "2018-11-17T20:23:18.598Z",
        "user": 1,
        "content_type": 11,
        "object_id": "1",
        "object_repr": "Excel",
        "action_flag": 2,
        "change_message": "[]"
    }
},
{
    "model": "admin.logentry",
    "pk": 83,
    "fields": {
        "action_time": "2018-11-17T20:23:20.012Z",
        "user": 1,
        "content_type": 11,
        "object_id": "1",
        "object_repr": "Excel",
        "action_flag": 2,
        "change_message": "[]"
    }
},
{
    "model": "admin.logentry",
    "pk": 84,
    "fields": {
        "action_time": "2018-11-17T20:30:27.488Z",
        "user": 1,
        "content_type": 11,
        "object_id": "1",
        "object_repr": "Excel",
        "action_flag": 2,
        "change_message": "[]"
    }
},
{
    "model": "admin.logentry",
    "pk": 85,
    "fields": {
        "action_time": "2018-11-17T20:30:35.126Z",
        "user": 1,
        "content_type": 11,
        "object_id": "2",
        "object_repr": "Word",
        "action_flag": 2,
        "change_message": "[]"
    }
},
{
    "model": "admin.logentry",
    "pk": 86,
    "fields": {
        "action_time": "2018-11-18T11:22:48.927Z",
        "user": 1,
        "content_type": 9,
        "object_id": "7",
        "object_repr": "Excel Tut 4",
        "action_flag": 2,
        "change_message": "[]"
    }
},
{
    "model": "admin.logentry",
    "pk": 87,
    "fields": {
        "action_time": "2018-11-18T11:22:55.650Z",
        "user": 1,
        "content_type": 9,
        "object_id": "7",
        "object_repr": "Excel Tut 4",
        "action_flag": 2,
        "change_message": "[]"
    }
},
{
    "model": "admin.logentry",
    "pk": 88,
    "fields": {
        "action_time": "2018-11-18T11:23:03.049Z",
        "user": 1,
        "content_type": 9,
        "object_id": "6",
        "object_repr": "Excel Tut 3",
        "action_flag": 2,
        "change_message": "[]"
    }
},
{
    "model": "admin.logentry",
    "pk": 89,
    "fields": {
        "action_time": "2018-11-18T11:23:08.091Z",
        "user": 1,
        "content_type": 9,
        "object_id": "6",
        "object_repr": "Excel Tut 3",
        "action_flag": 2,
        "change_message": "[]"
    }
},
{
    "model": "admin.logentry",
    "pk": 90,
    "fields": {
        "action_time": "2018-11-18T11:23:12.636Z",
        "user": 1,
        "content_type": 9,
        "object_id": "5",
        "object_repr": "Excel Tut 2",
        "action_flag": 2,
        "change_message": "[]"
    }
},
{
    "model": "admin.logentry",
    "pk": 91,
    "fields": {
        "action_time": "2018-11-18T11:23:14.656Z",
        "user": 1,
        "content_type": 9,
        "object_id": "5",
        "object_repr": "Excel Tut 2",
        "action_flag": 2,
        "change_message": "[]"
    }
},
{
    "model": "admin.logentry",
    "pk": 92,
    "fields": {
        "action_time": "2018-11-18T11:23:17.807Z",
        "user": 1,
        "content_type": 9,
        "object_id": "4",
        "object_repr": "other stuff",
        "action_flag": 2,
        "change_message": "[]"
    }
},
{
    "model": "admin.logentry",
    "pk": 93,
    "fields": {
        "action_time": "2018-11-18T11:23:19.760Z",
        "user": 1,
        "content_type": 9,
        "object_id": "4",
        "object_repr": "other stuff",
        "action_flag": 2,
        "change_message": "[]"
    }
},
{
    "model": "admin.logentry",
    "pk": 94,
    "fields": {
        "action_time": "2018-11-18T11:23:23.893Z",
        "user": 1,
        "content_type": 9,
        "object_id": "3",
        "object_repr": "PowerPoint Tut 1",
        "action_flag": 2,
        "change_message": "[]"
    }
},
{
    "model": "admin.logentry",
    "pk": 95,
    "fields": {
        "action_time": "2018-11-18T11:23:26.005Z",
        "user": 1,
        "content_type": 9,
        "object_id": "3",
        "object_repr": "PowerPoint Tut 1",
        "action_flag": 2,
        "change_message": "[]"
    }
},
{
    "model": "admin.logentry",
    "pk": 96,
    "fields": {
        "action_time": "2018-11-18T11:23:30.543Z",
        "user": 1,
        "content_type": 9,
        "object_id": "2",
        "object_repr": "Excel Tut 1",
        "action_flag": 2,
        "change_message": "[]"
    }
},
{
    "model": "admin.logentry",
    "pk": 97,
    "fields": {
        "action_time": "2018-11-18T11:23:32.209Z",
        "user": 1,
        "content_type": 9,
        "object_id": "2",
        "object_repr": "Excel Tut 1",
        "action_flag": 2,
        "change_message": "[]"
    }
},
{
    "model": "admin.logentry",
    "pk": 98,
    "fields": {
        "action_time": "2018-11-18T11:23:35.914Z",
        "user": 1,
        "content_type": 9,
        "object_id": "2",
        "object_repr": "Excel Tut 1",
        "action_flag": 2,
        "change_message": "[]"
    }
},
{
    "model": "admin.logentry",
    "pk": 99,
    "fields": {
        "action_time": "2018-11-18T11:23:39.202Z",
        "user": 1,
        "content_type": 9,
        "object_id": "1",
        "object_repr": "Word Tut 1",
        "action_flag": 2,
        "change_message": "[]"
    }
},
{
    "model": "admin.logentry",
    "pk": 100,
    "fields": {
        "action_time": "2018-11-18T13:12:35.092Z",
        "user": 1,
        "content_type": 10,
        "object_id": "2",
        "object_repr": "CVs",
        "action_flag": 2,
        "change_message": "[]"
    }
},
{
    "model": "admin.logentry",
    "pk": 101,
    "fields": {
        "action_time": "2018-11-18T13:12:38.860Z",
        "user": 1,
        "content_type": 10,
        "object_id": "1",
        "object_repr": "Microsoft Office",
        "action_flag": 2,
        "change_message": "[]"
    }
},
{
    "model": "admin.logentry",
    "pk": 102,
    "fields": {
        "action_time": "2018-11-18T14:27:51.060Z",
        "user": 1,
        "content_type": 9,
        "object_id": "2",
        "object_repr": "Excel Tut 1",
        "action_flag": 2,
        "change_message": "[{\"changed\": {\"fields\": [\"video_link\"]}}]"
    }
},
{
    "model": "admin.logentry",
    "pk": 103,
    "fields": {
        "action_time": "2018-11-18T15:35:18.018Z",
        "user": 1,
        "content_type": 9,
        "object_id": "6",
        "object_repr": "Excel Tut 3",
        "action_flag": 2,
        "change_message": "[{\"changed\": {\"fields\": [\"video_link\"]}}]"
    }
},
{
    "model": "admin.logentry",
    "pk": 104,
    "fields": {
        "action_time": "2018-11-18T15:35:59.370Z",
        "user": 1,
        "content_type": 9,
        "object_id": "5",
        "object_repr": "Excel Tut 2",
        "action_flag": 2,
        "change_message": "[{\"changed\": {\"fields\": [\"video_link\"]}}]"
    }
},
{
    "model": "admin.logentry",
    "pk": 105,
    "fields": {
        "action_time": "2018-11-18T15:36:20.571Z",
        "user": 1,
        "content_type": 9,
        "object_id": "6",
        "object_repr": "Excel Tut 3",
        "action_flag": 2,
        "change_message": "[]"
    }
},
{
    "model": "admin.logentry",
    "pk": 106,
    "fields": {
        "action_time": "2018-11-18T15:36:31.967Z",
        "user": 1,
        "content_type": 9,
        "object_id": "7",
        "object_repr": "Excel Tut 4",
        "action_flag": 2,
        "change_message": "[{\"changed\": {\"fields\": [\"video_link\"]}}]"
    }
},
{
    "model": "admin.logentry",
    "pk": 107,
    "fields": {
        "action_time": "2018-11-19T18:46:30.765Z",
        "user": 1,
        "content_type": 9,
        "object_id": "8",
        "object_repr": "Excel Tut 4",
        "action_flag": 1,
        "change_message": "[{\"added\": {}}]"
    }
},
{
    "model": "admin.logentry",
    "pk": 108,
    "fields": {
        "action_time": "2018-11-19T18:46:38.678Z",
        "user": 1,
        "content_type": 9,
        "object_id": "8",
        "object_repr": "Excel Tut 5",
        "action_flag": 2,
        "change_message": "[{\"changed\": {\"fields\": [\"title\"]}}]"
    }
},
{
    "model": "admin.logentry",
    "pk": 109,
    "fields": {
        "action_time": "2018-11-19T18:46:44.209Z",
        "user": 1,
        "content_type": 9,
        "object_id": "8",
        "object_repr": "Excel Tut 5",
        "action_flag": 2,
        "change_message": "[{\"changed\": {\"fields\": [\"slug\"]}}]"
    }
},
{
    "model": "admin.logentry",
    "pk": 110,
    "fields": {
        "action_time": "2018-11-19T18:46:48.360Z",
        "user": 1,
        "content_type": 9,
        "object_id": "8",
        "object_repr": "Excel Tut 5",
        "action_flag": 2,
        "change_message": "[]"
    }
},
{
    "model": "admin.logentry",
    "pk": 111,
    "fields": {
        "action_time": "2018-11-20T20:05:32.798Z",
        "user": 1,
        "content_type": 9,
        "object_id": "9",
        "object_repr": "Awsome Excel",
        "action_flag": 1,
        "change_message": "[{\"added\": {}}]"
    }
},
{
    "model": "admin.logentry",
    "pk": 112,
    "fields": {
        "action_time": "2018-11-20T20:05:35.048Z",
        "user": 1,
        "content_type": 9,
        "object_id": "9",
        "object_repr": "Awsome Excel",
        "action_flag": 2,
        "change_message": "[]"
    }
},
{
    "model": "admin.logentry",
    "pk": 113,
    "fields": {
        "action_time": "2018-11-27T19:56:54.449Z",
        "user": 1,
        "content_type": 9,
        "object_id": "6",
        "object_repr": "Excel Tut 3",
        "action_flag": 2,
        "change_message": "[{\"changed\": {\"fields\": [\"featured\"]}}]"
    }
},
{
    "model": "admin.logentry",
    "pk": 114,
    "fields": {
        "action_time": "2018-11-27T19:59:36.887Z",
        "user": 1,
        "content_type": 9,
        "object_id": "9",
        "object_repr": "Awsome Excel",
        "action_flag": 2,
        "change_message": "[{\"changed\": {\"fields\": [\"featured\"]}}]"
    }
},
{
    "model": "admin.logentry",
    "pk": 115,
    "fields": {
        "action_time": "2018-11-28T20:24:31.698Z",
        "user": 1,
        "content_type": 10,
        "object_id": "1",
        "object_repr": "Microsoft Office",
        "action_flag": 2,
        "change_message": "[]"
    }
},
{
    "model": "admin.logentry",
    "pk": 116,
    "fields": {
        "action_time": "2018-11-28T20:25:18.319Z",
        "user": 1,
        "content_type": 11,
        "object_id": "1",
        "object_repr": "Excel",
        "action_flag": 2,
        "change_message": "[{\"changed\": {\"fields\": [\"image\"]}}]"
    }
},
{
    "model": "admin.logentry",
    "pk": 117,
    "fields": {
        "action_time": "2018-11-28T20:31:30.706Z",
        "user": 1,
        "content_type": 11,
        "object_id": "2",
        "object_repr": "Word",
        "action_flag": 2,
        "change_message": "[{\"changed\": {\"fields\": [\"image\"]}}]"
    }
},
{
    "model": "admin.logentry",
    "pk": 118,
    "fields": {
        "action_time": "2018-11-28T20:32:04.465Z",
        "user": 1,
        "content_type": 11,
        "object_id": "2",
        "object_repr": "Word",
        "action_flag": 2,
        "change_message": "[]"
    }
},
{
    "model": "admin.logentry",
    "pk": 119,
    "fields": {
        "action_time": "2018-11-28T20:32:20.458Z",
        "user": 1,
        "content_type": 11,
        "object_id": "2",
        "object_repr": "Word",
        "action_flag": 2,
        "change_message": "[{\"changed\": {\"fields\": [\"image\"]}}]"
    }
},
{
    "model": "admin.logentry",
    "pk": 120,
    "fields": {
        "action_time": "2018-11-28T20:32:32.554Z",
        "user": 1,
        "content_type": 11,
        "object_id": "1",
        "object_repr": "Excel",
        "action_flag": 2,
        "change_message": "[{\"changed\": {\"fields\": [\"image\"]}}]"
    }
},
{
    "model": "admin.logentry",
    "pk": 121,
    "fields": {
        "action_time": "2018-11-28T20:32:43.347Z",
        "user": 1,
        "content_type": 11,
        "object_id": "3",
        "object_repr": "PowerPoint",
        "action_flag": 2,
        "change_message": "[{\"changed\": {\"fields\": [\"image\"]}}]"
    }
},
{
    "model": "admin.logentry",
    "pk": 122,
    "fields": {
        "action_time": "2018-11-28T21:00:08.026Z",
        "user": 1,
        "content_type": 9,
        "object_id": "6",
        "object_repr": "Excel Tut 3",
        "action_flag": 2,
        "change_message": "[{\"changed\": {\"fields\": [\"image\"]}}]"
    }
},
{
    "model": "admin.logentry",
    "pk": 123,
    "fields": {
        "action_time": "2018-11-29T18:33:31.498Z",
        "user": 1,
        "content_type": 9,
        "object_id": "6",
        "object_repr": "Excel Tut 3",
        "action_flag": 2,
        "change_message": "[{\"changed\": {\"fields\": [\"text1\", \"image1\", \"text2\", \"image2\", \"text3\", \"image3\", \"text4\", \"image4\"]}}]"
    }
},
{
    "model": "admin.logentry",
    "pk": 124,
    "fields": {
        "action_time": "2018-12-01T16:42:07.870Z",
        "user": 1,
        "content_type": 9,
        "object_id": "2",
        "object_repr": "Excel Tut 1",
        "action_flag": 2,
        "change_message": "[{\"changed\": {\"fields\": [\"behind_paywall\"]}}]"
    }
},
{
    "model": "admin.logentry",
    "pk": 125,
    "fields": {
        "action_time": "2018-12-01T20:05:05.485Z",
        "user": 1,
        "content_type": 9,
        "object_id": "6",
        "object_repr": "Excel Tut 3",
        "action_flag": 2,
        "change_message": "[{\"changed\": {\"fields\": [\"behind_paywall\"]}}]"
    }
},
{
    "model": "admin.logentry",
    "pk": 126,
    "fields": {
        "action_time": "2018-12-02T15:56:02.016Z",
        "user": 1,
        "content_type": 12,
        "object_id": "1",
        "object_repr": "niall783@gmail.com",
        "action_flag": 2,
        "change_message": "[]"
    }
},
{
    "model": "admin.logentry",
    "pk": 127,
    "fields": {
        "action_time": "2018-12-02T15:56:13.567Z",
        "user": 1,
        "content_type": 12,
        "object_id": "2",
        "object_repr": "ryan@gmail.com",
        "action_flag": 1,
        "change_message": "[{\"added\": {}}]"
    }
},
{
    "model": "admin.logentry",
    "pk": 128,
    "fields": {
        "action_time": "2018-12-08T17:09:43.962Z",
        "user": 1,
        "content_type": 13,
        "object_id": "1",
        "object_repr": "J5VUSY18VZ",
        "action_flag": 1,
        "change_message": "[{\"added\": {}}]"
    }
},
{
    "model": "admin.logentry",
    "pk": 129,
    "fields": {
        "action_time": "2018-12-08T19:37:32.355Z",
        "user": 1,
        "content_type": 12,
        "object_id": "5",
        "object_repr": "test@email.com",
        "action_flag": 1,
        "change_message": "[{\"added\": {}}]"
    }
},
{
    "model": "admin.logentry",
    "pk": 130,
    "fields": {
        "action_time": "2018-12-09T12:20:56.081Z",
        "user": 1,
        "content_type": 14,
        "object_id": "1",
        "object_repr": "test@email.com",
        "action_flag": 2,
        "change_message": "[]"
    }
},
{
    "model": "admin.logentry",
    "pk": 131,
    "fields": {
        "action_time": "2018-12-16T13:09:21.022Z",
        "user": 1,
        "content_type": 12,
        "object_id": "6",
        "object_repr": "niall@gmail.com",
        "action_flag": 3,
        "change_message": ""
    }
},
{
    "model": "admin.logentry",
    "pk": 132,
    "fields": {
        "action_time": "2018-12-16T13:09:21.031Z",
        "user": 1,
        "content_type": 12,
        "object_id": "2",
        "object_repr": "ryan@gmail.com",
        "action_flag": 3,
        "change_message": ""
    }
},
{
    "model": "admin.logentry",
    "pk": 133,
    "fields": {
        "action_time": "2018-12-16T13:09:21.039Z",
        "user": 1,
        "content_type": 12,
        "object_id": "4",
        "object_repr": "ryan@ryanemail.co.uk",
        "action_flag": 3,
        "change_message": ""
    }
},
{
    "model": "admin.logentry",
    "pk": 134,
    "fields": {
        "action_time": "2018-12-16T13:09:21.047Z",
        "user": 1,
        "content_type": 12,
        "object_id": "3",
        "object_repr": "ryan@ryanemail.com",
        "action_flag": 3,
        "change_message": ""
    }
},
{
    "model": "admin.logentry",
    "pk": 135,
    "fields": {
        "action_time": "2018-12-16T13:09:21.055Z",
        "user": 1,
        "content_type": 12,
        "object_id": "5",
        "object_repr": "test@email.com",
        "action_flag": 3,
        "change_message": ""
    }
},
{
    "model": "admin.logentry",
    "pk": 136,
    "fields": {
        "action_time": "2018-12-16T13:14:06.691Z",
        "user": 1,
        "content_type": 12,
        "object_id": "7",
        "object_repr": "niall@gmail.com",
        "action_flag": 3,
        "change_message": ""
    }
},
{
    "model": "admin.logentry",
    "pk": 137,
    "fields": {
        "action_time": "2018-12-16T13:25:15.073Z",
        "user": 1,
        "content_type": 12,
        "object_id": "8",
        "object_repr": "niall@gmail.com",
        "action_flag": 2,
        "change_message": "[{\"changed\": {\"fields\": [\"admin\", \"staff\", \"active\"]}}]"
    }
},
{
    "model": "admin.logentry",
    "pk": 138,
    "fields": {
        "action_time": "2018-12-16T13:26:04.442Z",
        "user": 8,
        "content_type": 12,
        "object_id": "8",
        "object_repr": "niall@gmail.com",
        "action_flag": 2,
        "change_message": "[{\"changed\": {\"fields\": [\"admin\", \"staff\"]}}]"
    }
},
{
    "model": "admin.logentry",
    "pk": 139,
    "fields": {
        "action_time": "2018-12-16T13:26:38.884Z",
        "user": 1,
        "content_type": 12,
        "object_id": "8",
        "object_repr": "niall@gmail.com",
        "action_flag": 2,
        "change_message": "[]"
    }
},
{
    "model": "admin.logentry",
    "pk": 140,
    "fields": {
        "action_time": "2018-12-16T13:30:17.536Z",
        "user": 1,
        "content_type": 12,
        "object_id": "9",
        "object_repr": "ryan@gmail.com",
        "action_flag": 2,
        "change_message": "[{\"changed\": {\"fields\": [\"active\"]}}]"
    }
},
{
    "model": "admin.logentry",
    "pk": 141,
    "fields": {
        "action_time": "2018-12-16T18:00:48.989Z",
        "user": 1,
        "content_type": 13,
        "object_id": "1",
        "object_repr": "J5VUSY18VZ",
        "action_flag": 3,
        "change_message": ""
    }
},
{
    "model": "admin.logentry",
    "pk": 142,
    "fields": {
        "action_time": "2018-12-16T18:02:40.539Z",
        "user": 1,
        "content_type": 14,
        "object_id": "6",
        "object_repr": "ryan@gmail.com",
        "action_flag": 3,
        "change_message": ""
    }
},
{
    "model": "admin.logentry",
    "pk": 143,
    "fields": {
        "action_time": "2018-12-16T18:02:46.245Z",
        "user": 1,
        "content_type": 14,
        "object_id": "5",
        "object_repr": "niall@gmail.com",
        "action_flag": 3,
        "change_message": ""
    }
},
{
    "model": "admin.logentry",
    "pk": 144,
    "fields": {
        "action_time": "2018-12-16T18:02:46.253Z",
        "user": 1,
        "content_type": 14,
        "object_id": "2",
        "object_repr": "niall783@gmail.com",
        "action_flag": 3,
        "change_message": ""
    }
},
{
    "model": "admin.logentry",
    "pk": 145,
    "fields": {
        "action_time": "2018-12-16T20:24:25.523Z",
        "user": 1,
        "content_type": 13,
        "object_id": "2",
        "object_repr": "K126M9QP8N",
        "action_flag": 2,
        "change_message": "[{\"changed\": {\"fields\": [\"order_total\"]}}]"
    }
},
{
    "model": "admin.logentry",
    "pk": 146,
    "fields": {
        "action_time": "2018-12-16T20:29:06.506Z",
        "user": 1,
        "content_type": 13,
        "object_id": "2",
        "object_repr": "K126M9QP8N",
        "action_flag": 2,
        "change_message": "[{\"changed\": {\"fields\": [\"order_total\"]}}]"
    }
},
{
    "model": "admin.logentry",
    "pk": 147,
    "fields": {
        "action_time": "2018-12-22T14:19:06.533Z",
        "user": 1,
        "content_type": 14,
        "object_id": "10",
        "object_repr": "ryan@rys.com",
        "action_flag": 3,
        "change_message": ""
    }
},
{
    "model": "admin.logentry",
    "pk": 148,
    "fields": {
        "action_time": "2018-12-22T14:19:06.542Z",
        "user": 1,
        "content_type": 14,
        "object_id": "9",
        "object_repr": "ryan@ryanemail.com",
        "action_flag": 3,
        "change_message": ""
    }
},
{
    "model": "admin.logentry",
    "pk": 149,
    "fields": {
        "action_time": "2018-12-22T14:19:06.550Z",
        "user": 1,
        "content_type": 14,
        "object_id": "8",
        "object_repr": "niall688@gmail.com",
        "action_flag": 3,
        "change_message": ""
    }
},
{
    "model": "admin.logentry",
    "pk": 150,
    "fields": {
        "action_time": "2018-12-22T14:19:06.560Z",
        "user": 1,
        "content_type": 14,
        "object_id": "7",
        "object_repr": "niall783@gmail.com",
        "action_flag": 3,
        "change_message": ""
    }
},
{
    "model": "admin.logentry",
    "pk": 151,
    "fields": {
        "action_time": "2018-12-22T14:23:58.147Z",
        "user": 1,
        "content_type": 14,
        "object_id": "11",
        "object_repr": "niall783@gmail.com",
        "action_flag": 3,
        "change_message": ""
    }
},
{
    "model": "admin.logentry",
    "pk": 152,
    "fields": {
        "action_time": "2018-12-23T13:33:05.297Z",
        "user": 1,
        "content_type": 12,
        "object_id": "13",
        "object_repr": "ryan@twatface.com",
        "action_flag": 2,
        "change_message": "[{\"changed\": {\"fields\": [\"active\"]}}]"
    }
},
{
    "model": "admin.logentry",
    "pk": 153,
    "fields": {
        "action_time": "2018-12-24T15:00:53.608Z",
        "user": 1,
        "content_type": 18,
        "object_id": "1",
        "object_repr": "Premium Access Tier One",
        "action_flag": 1,
        "change_message": "[{\"added\": {}}]"
    }
},
{
    "model": "admin.logentry",
    "pk": 154,
    "fields": {
        "action_time": "2018-12-24T15:22:28.994Z",
        "user": 1,
        "content_type": 17,
        "object_id": "2",
        "object_repr": "2",
        "action_flag": 2,
        "change_message": "[{\"changed\": {\"fields\": [\"product\"]}}]"
    }
},
{
    "model": "admin.logentry",
    "pk": 155,
    "fields": {
        "action_time": "2018-12-24T15:25:35.700Z",
        "user": 1,
        "content_type": 17,
        "object_id": "2",
        "object_repr": "2",
        "action_flag": 2,
        "change_message": "[]"
    }
},
{
    "model": "admin.logentry",
    "pk": 156,
    "fields": {
        "action_time": "2018-12-24T16:42:41.801Z",
        "user": 1,
        "content_type": 17,
        "object_id": "2",
        "object_repr": "2",
        "action_flag": 3,
        "change_message": ""
    }
},
{
    "model": "admin.logentry",
    "pk": 157,
    "fields": {
        "action_time": "2018-12-24T16:42:41.819Z",
        "user": 1,
        "content_type": 17,
        "object_id": "1",
        "object_repr": "1",
        "action_flag": 3,
        "change_message": ""
    }
},
{
    "model": "admin.logentry",
    "pk": 158,
    "fields": {
        "action_time": "2018-12-24T16:45:57.616Z",
        "user": 1,
        "content_type": 17,
        "object_id": "3",
        "object_repr": "3",
        "action_flag": 3,
        "change_message": ""
    }
},
{
    "model": "admin.logentry",
    "pk": 159,
    "fields": {
        "action_time": "2018-12-24T16:48:42.817Z",
        "user": 1,
        "content_type": 17,
        "object_id": "4",
        "object_repr": "4",
        "action_flag": 3,
        "change_message": ""
    }
},
{
    "model": "admin.logentry",
    "pk": 160,
    "fields": {
        "action_time": "2018-12-24T16:50:03.869Z",
        "user": 1,
        "content_type": 17,
        "object_id": "5",
        "object_repr": "5",
        "action_flag": 3,
        "change_message": ""
    }
},
{
    "model": "admin.logentry",
    "pk": 161,
    "fields": {
        "action_time": "2018-12-24T17:39:34.444Z",
        "user": 1,
        "content_type": 18,
        "object_id": "1",
        "object_repr": "Premium Access Tier One",
        "action_flag": 2,
        "change_message": "[{\"changed\": {\"fields\": [\"description\"]}}]"
    }
},
{
    "model": "admin.logentry",
    "pk": 162,
    "fields": {
        "action_time": "2018-12-24T17:39:46.186Z",
        "user": 1,
        "content_type": 18,
        "object_id": "1",
        "object_repr": "Premium Access Tier One",
        "action_flag": 2,
        "change_message": "[]"
    }
},
{
    "model": "admin.logentry",
    "pk": 163,
    "fields": {
        "action_time": "2018-12-24T17:40:37.409Z",
        "user": 1,
        "content_type": 18,
        "object_id": "1",
        "object_repr": "Premium Access Tier One",
        "action_flag": 2,
        "change_message": "[{\"changed\": {\"fields\": [\"description\"]}}]"
    }
},
{
    "model": "admin.logentry",
    "pk": 164,
    "fields": {
        "action_time": "2018-12-24T17:41:01.127Z",
        "user": 1,
        "content_type": 17,
        "object_id": "6",
        "object_repr": "6",
        "action_flag": 3,
        "change_message": ""
    }
},
{
    "model": "admin.logentry",
    "pk": 165,
    "fields": {
        "action_time": "2018-12-24T17:50:19.317Z",
        "user": 1,
        "content_type": 17,
        "object_id": "7",
        "object_repr": "7",
        "action_flag": 3,
        "change_message": ""
    }
},
{
    "model": "admin.logentry",
    "pk": 166,
    "fields": {
        "action_time": "2018-12-24T18:35:59.549Z",
        "user": 1,
        "content_type": 18,
        "object_id": "2",
        "object_repr": "Test Product",
        "action_flag": 1,
        "change_message": "[{\"added\": {}}]"
    }
},
{
    "model": "admin.logentry",
    "pk": 167,
    "fields": {
        "action_time": "2018-12-24T18:37:36.906Z",
        "user": 1,
        "content_type": 17,
        "object_id": "8",
        "object_repr": "8",
        "action_flag": 3,
        "change_message": ""
    }
},
{
    "model": "admin.logentry",
    "pk": 168,
    "fields": {
        "action_time": "2018-12-24T18:38:43.167Z",
        "user": 1,
        "content_type": 18,
        "object_id": "2",
        "object_repr": "Test Product",
        "action_flag": 3,
        "change_message": ""
    }
},
{
    "model": "admin.logentry",
    "pk": 169,
    "fields": {
        "action_time": "2018-12-24T21:03:04.697Z",
        "user": 1,
        "content_type": 13,
        "object_id": "1",
        "object_repr": "TGDND8741V",
        "action_flag": 2,
        "change_message": "[]"
    }
},
{
    "model": "admin.logentry",
    "pk": 170,
    "fields": {
        "action_time": "2018-12-24T21:03:31.121Z",
        "user": 1,
        "content_type": 13,
        "object_id": "1",
        "object_repr": "TGDND8741V",
        "action_flag": 3,
        "change_message": ""
    }
},
{
    "model": "admin.logentry",
    "pk": 171,
    "fields": {
        "action_time": "2018-12-25T16:39:46.973Z",
        "user": 1,
        "content_type": 14,
        "object_id": "13",
        "object_repr": "ryan@twatface.com",
        "action_flag": 3,
        "change_message": ""
    }
},
{
    "model": "admin.logentry",
    "pk": 172,
    "fields": {
        "action_time": "2018-12-25T16:39:46.983Z",
        "user": 1,
        "content_type": 14,
        "object_id": "12",
        "object_repr": "niall783@gmail.com",
        "action_flag": 3,
        "change_message": ""
    }
},
{
    "model": "admin.logentry",
    "pk": 173,
    "fields": {
        "action_time": "2018-12-25T16:40:10.819Z",
        "user": 1,
        "content_type": 17,
        "object_id": "9",
        "object_repr": "9",
        "action_flag": 3,
        "change_message": ""
    }
},
{
    "model": "admin.logentry",
    "pk": 174,
    "fields": {
        "action_time": "2018-12-25T16:44:40.286Z",
        "user": 1,
        "content_type": 14,
        "object_id": "14",
        "object_repr": "niall783@gmail.com",
        "action_flag": 3,
        "change_message": ""
    }
},
{
    "model": "admin.logentry",
    "pk": 175,
    "fields": {
        "action_time": "2018-12-25T16:58:46.579Z",
        "user": 1,
        "content_type": 14,
        "object_id": "15",
        "object_repr": "niall783@gmail.com",
        "action_flag": 3,
        "change_message": ""
    }
},
{
    "model": "admin.logentry",
    "pk": 176,
    "fields": {
        "action_time": "2018-12-25T17:00:36.345Z",
        "user": 1,
        "content_type": 14,
        "object_id": "16",
        "object_repr": "niall783@gmail.com",
        "action_flag": 3,
        "change_message": ""
    }
},
{
    "model": "admin.logentry",
    "pk": 177,
    "fields": {
        "action_time": "2018-12-25T17:02:24.326Z",
        "user": 1,
        "content_type": 14,
        "object_id": "17",
        "object_repr": "niall783@gmail.com",
        "action_flag": 3,
        "change_message": ""
    }
},
{
    "model": "admin.logentry",
    "pk": 178,
    "fields": {
        "action_time": "2018-12-25T17:06:33.014Z",
        "user": 1,
        "content_type": 14,
        "object_id": "18",
        "object_repr": "niall783@gmail.com",
        "action_flag": 3,
        "change_message": ""
    }
},
{
    "model": "admin.logentry",
    "pk": 179,
    "fields": {
        "action_time": "2018-12-25T17:24:42.474Z",
        "user": 1,
        "content_type": 14,
        "object_id": "19",
        "object_repr": "niall783@gmail.com",
        "action_flag": 3,
        "change_message": ""
    }
},
{
    "model": "admin.logentry",
    "pk": 180,
    "fields": {
        "action_time": "2018-12-25T17:36:42.640Z",
        "user": 1,
        "content_type": 14,
        "object_id": "20",
        "object_repr": "niall783@gmail.com",
        "action_flag": 3,
        "change_message": ""
    }
},
{
    "model": "admin.logentry",
    "pk": 181,
    "fields": {
        "action_time": "2018-12-25T17:40:05.668Z",
        "user": 1,
        "content_type": 14,
        "object_id": "21",
        "object_repr": "niall783@gmail.com",
        "action_flag": 3,
        "change_message": ""
    }
},
{
    "model": "admin.logentry",
    "pk": 182,
    "fields": {
        "action_time": "2018-12-25T18:31:10.708Z",
        "user": 1,
        "content_type": 14,
        "object_id": "22",
        "object_repr": "niall783@gmail.com",
        "action_flag": 3,
        "change_message": ""
    }
},
{
    "model": "admin.logentry",
    "pk": 183,
    "fields": {
        "action_time": "2018-12-25T18:32:57.349Z",
        "user": 1,
        "content_type": 14,
        "object_id": "23",
        "object_repr": "niall783@gmail.com",
        "action_flag": 3,
        "change_message": ""
    }
},
{
    "model": "admin.logentry",
    "pk": 184,
    "fields": {
        "action_time": "2018-12-25T18:34:30.044Z",
        "user": 1,
        "content_type": 14,
        "object_id": "24",
        "object_repr": "niall783@gmail.com",
        "action_flag": 3,
        "change_message": ""
    }
},
{
    "model": "admin.logentry",
    "pk": 185,
    "fields": {
        "action_time": "2018-12-25T18:36:50.747Z",
        "user": 1,
        "content_type": 14,
        "object_id": "25",
        "object_repr": "niall783@gmail.com",
        "action_flag": 3,
        "change_message": ""
    }
},
{
    "model": "admin.logentry",
    "pk": 186,
    "fields": {
        "action_time": "2018-12-25T18:39:58.638Z",
        "user": 1,
        "content_type": 14,
        "object_id": "26",
        "object_repr": "niall783@gmail.com",
        "action_flag": 3,
        "change_message": ""
    }
},
{
    "model": "admin.logentry",
    "pk": 187,
    "fields": {
        "action_time": "2018-12-25T18:41:27.710Z",
        "user": 1,
        "content_type": 14,
        "object_id": "27",
        "object_repr": "niall783@gmail.com",
        "action_flag": 3,
        "change_message": ""
    }
},
{
    "model": "admin.logentry",
    "pk": 188,
    "fields": {
        "action_time": "2018-12-25T18:43:43.698Z",
        "user": 1,
        "content_type": 14,
        "object_id": "28",
        "object_repr": "niall783@gmail.com",
        "action_flag": 3,
        "change_message": ""
    }
},
{
    "model": "admin.logentry",
    "pk": 189,
    "fields": {
        "action_time": "2018-12-25T19:58:04.393Z",
        "user": 1,
        "content_type": 18,
        "object_id": "1",
        "object_repr": "Premium Access Tier One",
        "action_flag": 2,
        "change_message": "[{\"changed\": {\"fields\": [\"price\"]}}]"
    }
},
{
    "model": "admin.logentry",
    "pk": 190,
    "fields": {
        "action_time": "2018-12-25T19:58:07.163Z",
        "user": 1,
        "content_type": 18,
        "object_id": "1",
        "object_repr": "Premium Access Tier One",
        "action_flag": 2,
        "change_message": "[]"
    }
},
{
    "model": "admin.logentry",
    "pk": 191,
    "fields": {
        "action_time": "2018-12-25T20:14:48.161Z",
        "user": 1,
        "content_type": 17,
        "object_id": "11",
        "object_repr": "11",
        "action_flag": 2,
        "change_message": "[]"
    }
},
{
    "model": "admin.logentry",
    "pk": 192,
    "fields": {
        "action_time": "2018-12-26T17:27:24.510Z",
        "user": 1,
        "content_type": 14,
        "object_id": "29",
        "object_repr": "niall783@gmail.com",
        "action_flag": 3,
        "change_message": ""
    }
},
{
    "model": "admin.logentry",
    "pk": 193,
    "fields": {
        "action_time": "2018-12-26T17:27:41.311Z",
        "user": 1,
        "content_type": 17,
        "object_id": "11",
        "object_repr": "11",
        "action_flag": 3,
        "change_message": ""
    }
},
{
    "model": "admin.logentry",
    "pk": 194,
    "fields": {
        "action_time": "2018-12-26T17:27:41.324Z",
        "user": 1,
        "content_type": 17,
        "object_id": "10",
        "object_repr": "10",
        "action_flag": 3,
        "change_message": ""
    }
},
{
    "model": "admin.logentry",
    "pk": 195,
    "fields": {
        "action_time": "2018-12-27T14:31:55.803Z",
        "user": 1,
        "content_type": 14,
        "object_id": "30",
        "object_repr": "niall783@gmail.com",
        "action_flag": 2,
        "change_message": "[{\"changed\": {\"fields\": [\"active\"]}}]"
    }
},
{
    "model": "admin.logentry",
    "pk": 196,
    "fields": {
        "action_time": "2018-12-27T14:32:02.286Z",
        "user": 1,
        "content_type": 14,
        "object_id": "30",
        "object_repr": "niall783@gmail.com",
        "action_flag": 2,
        "change_message": "[{\"changed\": {\"fields\": [\"active\"]}}]"
    }
},
{
    "model": "admin.logentry",
    "pk": 197,
    "fields": {
        "action_time": "2018-12-27T14:32:06.580Z",
        "user": 1,
        "content_type": 14,
        "object_id": "30",
        "object_repr": "niall783@gmail.com",
        "action_flag": 2,
        "change_message": "[]"
    }
},
{
    "model": "admin.logentry",
    "pk": 198,
    "fields": {
        "action_time": "2018-12-27T19:02:42.911Z",
        "user": 1,
        "content_type": 12,
        "object_id": "1",
        "object_repr": "niall783@gmail.com",
        "action_flag": 2,
        "change_message": "[{\"changed\": {\"fields\": [\"full_access\"]}}]"
    }
},
{
    "model": "admin.logentry",
    "pk": 199,
    "fields": {
        "action_time": "2018-12-29T17:04:04.537Z",
        "user": 1,
        "content_type": 14,
        "object_id": "30",
        "object_repr": "niall783@gmail.com",
        "action_flag": 3,
        "change_message": ""
    }
},
{
    "model": "admin.logentry",
    "pk": 200,
    "fields": {
        "action_time": "2018-12-29T17:05:41.283Z",
        "user": 1,
        "content_type": 14,
        "object_id": "31",
        "object_repr": "niall783@gmail.com",
        "action_flag": 3,
        "change_message": ""
    }
},
{
    "model": "admin.logentry",
    "pk": 201,
    "fields": {
        "action_time": "2018-12-29T17:05:52.358Z",
        "user": 1,
        "content_type": 17,
        "object_id": "21",
        "object_repr": "21: niall783@gmail.com (2018-12-29 17:03:08.228518+00:00)",
        "action_flag": 3,
        "change_message": ""
    }
},
{
    "model": "admin.logentry",
    "pk": 202,
    "fields": {
        "action_time": "2018-12-29T17:05:52.368Z",
        "user": 1,
        "content_type": 17,
        "object_id": "20",
        "object_repr": "20: niall783@gmail.com (2018-12-29 16:30:55.162981+00:00)",
        "action_flag": 3,
        "change_message": ""
    }
},
{
    "model": "admin.logentry",
    "pk": 203,
    "fields": {
        "action_time": "2018-12-29T17:05:52.378Z",
        "user": 1,
        "content_type": 17,
        "object_id": "19",
        "object_repr": "19: niall783@gmail.com (2018-12-29 16:25:22.331280+00:00)",
        "action_flag": 3,
        "change_message": ""
    }
},
{
    "model": "admin.logentry",
    "pk": 204,
    "fields": {
        "action_time": "2018-12-29T17:05:52.387Z",
        "user": 1,
        "content_type": 17,
        "object_id": "18",
        "object_repr": "18: niall783@gmail.com (2018-12-29 16:25:06.768460+00:00)",
        "action_flag": 3,
        "change_message": ""
    }
},
{
    "model": "admin.logentry",
    "pk": 205,
    "fields": {
        "action_time": "2018-12-29T17:05:52.404Z",
        "user": 1,
        "content_type": 17,
        "object_id": "17",
        "object_repr": "17: niall783@gmail.com (2018-12-27 20:03:23.066120+00:00)",
        "action_flag": 3,
        "change_message": ""
    }
},
{
    "model": "admin.logentry",
    "pk": 206,
    "fields": {
        "action_time": "2018-12-29T17:05:52.417Z",
        "user": 1,
        "content_type": 17,
        "object_id": "16",
        "object_repr": "16: niall783@gmail.com (2018-12-27 19:00:55.349956+00:00)",
        "action_flag": 3,
        "change_message": ""
    }
},
{
    "model": "admin.logentry",
    "pk": 207,
    "fields": {
        "action_time": "2018-12-29T17:05:52.431Z",
        "user": 1,
        "content_type": 17,
        "object_id": "15",
        "object_repr": "15: niall783@gmail.com (2018-12-27 16:57:58.583783+00:00)",
        "action_flag": 3,
        "change_message": ""
    }
},
{
    "model": "admin.logentry",
    "pk": 208,
    "fields": {
        "action_time": "2018-12-29T17:05:52.440Z",
        "user": 1,
        "content_type": 17,
        "object_id": "14",
        "object_repr": "14: niall783@gmail.com (2018-12-27 16:45:12.653016+00:00)",
        "action_flag": 3,
        "change_message": ""
    }
},
{
    "model": "admin.logentry",
    "pk": 209,
    "fields": {
        "action_time": "2018-12-29T17:05:52.448Z",
        "user": 1,
        "content_type": 17,
        "object_id": "13",
        "object_repr": "13: niall783@gmail.com (2018-12-27 16:03:40.732077+00:00)",
        "action_flag": 3,
        "change_message": ""
    }
},
{
    "model": "admin.logentry",
    "pk": 210,
    "fields": {
        "action_time": "2018-12-29T17:05:52.456Z",
        "user": 1,
        "content_type": 17,
        "object_id": "12",
        "object_repr": "12: niall783@gmail.com (2018-12-26 17:28:02.051514+00:00)",
        "action_flag": 3,
        "change_message": ""
    }
},
{
    "model": "admin.logentry",
    "pk": 211,
    "fields": {
        "action_time": "2018-12-29T17:10:44.087Z",
        "user": 1,
        "content_type": 14,
        "object_id": "32",
        "object_repr": "niall783@gmail.com",
        "action_flag": 3,
        "change_message": ""
    }
},
{
    "model": "admin.logentry",
    "pk": 212,
    "fields": {
        "action_time": "2018-12-29T17:11:03.643Z",
        "user": 1,
        "content_type": 17,
        "object_id": "25",
        "object_repr": "25: niall783@gmail.com (2018-12-29 17:10:07.820238+00:00)",
        "action_flag": 3,
        "change_message": ""
    }
},
{
    "model": "admin.logentry",
    "pk": 213,
    "fields": {
        "action_time": "2018-12-29T17:11:03.652Z",
        "user": 1,
        "content_type": 17,
        "object_id": "24",
        "object_repr": "24: niall783@gmail.com (2018-12-29 17:09:43.644379+00:00)",
        "action_flag": 3,
        "change_message": ""
    }
},
{
    "model": "admin.logentry",
    "pk": 214,
    "fields": {
        "action_time": "2018-12-29T17:11:03.659Z",
        "user": 1,
        "content_type": 17,
        "object_id": "23",
        "object_repr": "23: niall783@gmail.com (2018-12-29 17:07:00.631254+00:00)",
        "action_flag": 3,
        "change_message": ""
    }
},
{
    "model": "admin.logentry",
    "pk": 215,
    "fields": {
        "action_time": "2018-12-29T17:11:03.669Z",
        "user": 1,
        "content_type": 17,
        "object_id": "22",
        "object_repr": "22: niall783@gmail.com (2018-12-29 17:06:38.575668+00:00)",
        "action_flag": 3,
        "change_message": ""
    }
},
{
    "model": "admin.logentry",
    "pk": 216,
    "fields": {
        "action_time": "2018-12-29T17:25:46.037Z",
        "user": 1,
        "content_type": 14,
        "object_id": "33",
        "object_repr": "niall783@gmail.com",
        "action_flag": 3,
        "change_message": ""
    }
},
{
    "model": "admin.logentry",
    "pk": 217,
    "fields": {
        "action_time": "2018-12-29T17:25:56.307Z",
        "user": 1,
        "content_type": 17,
        "object_id": "27",
        "object_repr": "27: niall783@gmail.com (2018-12-29 17:11:33.556070+00:00)",
        "action_flag": 3,
        "change_message": ""
    }
},
{
    "model": "admin.logentry",
    "pk": 218,
    "fields": {
        "action_time": "2018-12-29T17:25:56.316Z",
        "user": 1,
        "content_type": 17,
        "object_id": "26",
        "object_repr": "26: niall783@gmail.com (2018-12-29 17:11:16.223260+00:00)",
        "action_flag": 3,
        "change_message": ""
    }
},
{
    "model": "admin.logentry",
    "pk": 219,
    "fields": {
        "action_time": "2018-12-29T17:31:19.030Z",
        "user": 1,
        "content_type": 14,
        "object_id": "34",
        "object_repr": "niall783@gmail.com",
        "action_flag": 3,
        "change_message": ""
    }
},
{
    "model": "admin.logentry",
    "pk": 220,
    "fields": {
        "action_time": "2018-12-29T17:31:26.646Z",
        "user": 1,
        "content_type": 17,
        "object_id": "28",
        "object_repr": "28: niall783@gmail.com (2018-12-29 17:26:05.706856+00:00)",
        "action_flag": 3,
        "change_message": ""
    }
},
{
    "model": "admin.logentry",
    "pk": 221,
    "fields": {
        "action_time": "2019-01-14T18:49:26.207Z",
        "user": 1,
        "content_type": 14,
        "object_id": "35",
        "object_repr": "niall783@gmail.com",
        "action_flag": 3,
        "change_message": ""
    }
},
{
    "model": "admin.logentry",
    "pk": 222,
    "fields": {
        "action_time": "2019-01-14T18:50:55.316Z",
        "user": 1,
        "content_type": 12,
        "object_id": "1",
        "object_repr": "niall783@gmail.com",
        "action_flag": 2,
        "change_message": "[{\"changed\": {\"fields\": [\"full_access\"]}}]"
    }
},
{
    "model": "admin.logentry",
    "pk": 223,
    "fields": {
        "action_time": "2019-01-14T18:51:04.217Z",
        "user": 1,
        "content_type": 12,
        "object_id": "1",
        "object_repr": "niall783@gmail.com",
        "action_flag": 2,
        "change_message": "[]"
    }
},
{
    "model": "admin.logentry",
    "pk": 224,
    "fields": {
        "action_time": "2019-01-14T18:51:33.950Z",
        "user": 1,
        "content_type": 12,
        "object_id": "1",
        "object_repr": "niall783@gmail.com",
        "action_flag": 2,
        "change_message": "[{\"changed\": {\"fields\": [\"full_access\"]}}]"
    }
},
{
    "model": "admin.logentry",
    "pk": 225,
    "fields": {
        "action_time": "2019-01-14T19:02:10.876Z",
        "user": 1,
        "content_type": 14,
        "object_id": "36",
        "object_repr": "niall783@gmail.com",
        "action_flag": 3,
        "change_message": ""
    }
},
{
    "model": "admin.logentry",
    "pk": 226,
    "fields": {
        "action_time": "2019-01-14T19:03:18.151Z",
        "user": 1,
        "content_type": 12,
        "object_id": "1",
        "object_repr": "niall783@gmail.com",
        "action_flag": 2,
        "change_message": "[{\"changed\": {\"fields\": [\"full_access\"]}}]"
    }
},
{
    "model": "admin.logentry",
    "pk": 227,
    "fields": {
        "action_time": "2019-01-14T19:06:40.690Z",
        "user": 1,
        "content_type": 14,
        "object_id": "37",
        "object_repr": "niall783@gmail.com",
        "action_flag": 3,
        "change_message": ""
    }
},
{
    "model": "admin.logentry",
    "pk": 228,
    "fields": {
        "action_time": "2019-01-14T19:31:26.129Z",
        "user": 1,
        "content_type": 12,
        "object_id": "1",
        "object_repr": "niall783@gmail.com",
        "action_flag": 2,
        "change_message": "[{\"changed\": {\"fields\": [\"full_access\"]}}]"
    }
},
{
    "model": "admin.logentry",
    "pk": 229,
    "fields": {
        "action_time": "2019-01-16T19:36:33.139Z",
        "user": 1,
        "content_type": 19,
        "object_id": "1",
        "object_repr": "Stripe",
        "action_flag": 1,
        "change_message": "[{\"added\": {}}]"
    }
},
{
    "model": "admin.logentry",
    "pk": 230,
    "fields": {
        "action_time": "2019-01-16T19:38:36.740Z",
        "user": 1,
        "content_type": 19,
        "object_id": "1",
        "object_repr": "Stripe",
        "action_flag": 2,
        "change_message": "[{\"changed\": {\"fields\": [\"image2\"]}}]"
    }
},
{
    "model": "admin.logentry",
    "pk": 231,
    "fields": {
        "action_time": "2019-01-16T20:38:59.664Z",
        "user": 1,
        "content_type": 19,
        "object_id": "1",
        "object_repr": "Stripe",
        "action_flag": 2,
        "change_message": "[{\"changed\": {\"fields\": [\"image1\"]}}]"
    }
},
{
    "model": "admin.logentry",
    "pk": 232,
    "fields": {
        "action_time": "2019-01-19T15:02:42.020Z",
        "user": 1,
        "content_type": 19,
        "object_id": "1",
        "object_repr": "Stripe",
        "action_flag": 2,
        "change_message": "[{\"changed\": {\"fields\": [\"image3\"]}}]"
    }
},
{
    "model": "admin.logentry",
    "pk": 233,
    "fields": {
        "action_time": "2019-01-19T15:06:48.062Z",
        "user": 1,
        "content_type": 19,
        "object_id": "1",
        "object_repr": "Stripe",
        "action_flag": 2,
        "change_message": "[{\"changed\": {\"fields\": [\"image2\"]}}]"
    }
},
{
    "model": "admin.logentry",
    "pk": 234,
    "fields": {
        "action_time": "2019-01-19T15:07:36.233Z",
        "user": 1,
        "content_type": 19,
        "object_id": "1",
        "object_repr": "Stripe",
        "action_flag": 2,
        "change_message": "[{\"changed\": {\"fields\": [\"image3\"]}}]"
    }
},
{
    "model": "admin.logentry",
    "pk": 235,
    "fields": {
        "action_time": "2019-01-19T15:08:23.696Z",
        "user": 1,
        "content_type": 19,
        "object_id": "1",
        "object_repr": "Stripe",
        "action_flag": 2,
        "change_message": "[{\"changed\": {\"fields\": [\"image3\"]}}]"
    }
},
{
    "model": "admin.logentry",
    "pk": 236,
    "fields": {
        "action_time": "2019-01-24T19:58:00.540Z",
        "user": 1,
        "content_type": 18,
        "object_id": "1",
        "object_repr": "Premium Access Tier One",
        "action_flag": 2,
        "change_message": "[{\"changed\": {\"fields\": [\"description\"]}}]"
    }
},
{
    "model": "admin.logentry",
    "pk": 237,
    "fields": {
        "action_time": "2019-02-03T15:45:07.420Z",
        "user": 1,
        "content_type": 9,
        "object_id": "5",
        "object_repr": "Excel Tut 2",
        "action_flag": 2,
        "change_message": "[{\"added\": {\"name\": \"tutorial file\", \"object\": \"tutorial/excel-tut-2IMG_20190105_213607.jpg\"}}]"
    }
},
{
    "model": "admin.logentry",
    "pk": 238,
    "fields": {
        "action_time": "2019-02-03T15:47:08.692Z",
        "user": 1,
        "content_type": 9,
        "object_id": "5",
        "object_repr": "Excel Tut 2",
        "action_flag": 2,
        "change_message": "[{\"changed\": {\"name\": \"tutorial file\", \"object\": \"tutorial/excel-tut-2/IMG_20190105_213607.jpg\", \"fields\": [\"file\"]}}]"
    }
},
{
    "model": "admin.logentry",
    "pk": 239,
    "fields": {
        "action_time": "2019-02-03T15:50:37.837Z",
        "user": 1,
        "content_type": 9,
        "object_id": "2",
        "object_repr": "Excel Tut 1",
        "action_flag": 2,
        "change_message": "[{\"added\": {\"name\": \"tutorial file\", \"object\": \"tutorial/excel-tut-1/QUB_GOWNRCPT.pdf\"}}]"
    }
},
{
    "model": "admin.logentry",
    "pk": 240,
    "fields": {
        "action_time": "2019-02-03T16:01:07.561Z",
        "user": 1,
        "content_type": 9,
        "object_id": "2",
        "object_repr": "Excel Tut 1",
        "action_flag": 2,
        "change_message": "[{\"added\": {\"name\": \"tutorial file\", \"object\": \"tutorial/excel-tut-1/AQA-83001H-QP-MQP18A4-NOV17.PDF\"}}]"
    }
},
{
    "model": "admin.logentry",
    "pk": 241,
    "fields": {
        "action_time": "2019-02-03T16:57:45.844Z",
        "user": 1,
        "content_type": 9,
        "object_id": "2",
        "object_repr": "Excel Tut 1",
        "action_flag": 2,
        "change_message": "[{\"added\": {\"name\": \"tutorial file\", \"object\": \"tutorial/excel-tut-1/ORourke.jpg\"}}]"
    }
},
{
    "model": "admin.logentry",
    "pk": 242,
    "fields": {
        "action_time": "2019-02-03T16:58:17.741Z",
        "user": 1,
        "content_type": 9,
        "object_id": "2",
        "object_repr": "Excel Tut 1",
        "action_flag": 2,
        "change_message": "[{\"deleted\": {\"name\": \"tutorial file\", \"object\": \"tutorial/excel-tut-1/QUB_GOWNRCPT.pdf\"}}]"
    }
},
{
    "model": "admin.logentry",
    "pk": 243,
    "fields": {
        "action_time": "2019-02-03T17:16:51.013Z",
        "user": 1,
        "content_type": 9,
        "object_id": "2",
        "object_repr": "Excel Tut 1",
        "action_flag": 2,
        "change_message": "[{\"deleted\": {\"name\": \"tutorial file\", \"object\": \"tutorial/excel-tut-1/AQA-83001H-QP-MQP18A4-NOV17.PDF\"}}, {\"deleted\": {\"name\": \"tutorial file\", \"object\": \"tutorial/excel-tut-1/ORourke.jpg\"}}]"
    }
},
{
    "model": "admin.logentry",
    "pk": 244,
    "fields": {
        "action_time": "2019-02-03T17:17:03.859Z",
        "user": 1,
        "content_type": 9,
        "object_id": "2",
        "object_repr": "Excel Tut 1",
        "action_flag": 2,
        "change_message": "[{\"added\": {\"name\": \"tutorial file\", \"object\": \"tutorial/excel-tut-1/ORourke_2.jpg\"}}, {\"added\": {\"name\": \"tutorial file\", \"object\": \"tutorial/excel-tut-1/2018_08_16_Payslip.pdf\"}}]"
    }
},
{
    "model": "admin.logentry",
    "pk": 245,
    "fields": {
        "action_time": "2019-02-03T17:50:41.092Z",
        "user": 1,
        "content_type": 9,
        "object_id": "2",
        "object_repr": "Excel Tut 1",
        "action_flag": 2,
        "change_message": "[{\"added\": {\"name\": \"tutorial file\", \"object\": \"tutorial/excel-tut-1/video-1547382928.mp4\"}}]"
    }
},
{
    "model": "admin.logentry",
    "pk": 246,
    "fields": {
        "action_time": "2019-02-03T19:48:22.881Z",
        "user": 1,
        "content_type": 9,
        "object_id": "2",
        "object_repr": "Excel Tut 1",
        "action_flag": 2,
        "change_message": "[{\"changed\": {\"name\": \"tutorial file\", \"object\": \"tutorial/excel-tut-1/ORourke_2.jpg\", \"fields\": [\"thumbnail\"]}}]"
    }
},
{
    "model": "admin.logentry",
    "pk": 247,
    "fields": {
        "action_time": "2019-02-04T18:48:26.190Z",
        "user": 1,
        "content_type": 9,
        "object_id": "2",
        "object_repr": "Excel Tut 1",
        "action_flag": 2,
        "change_message": "[{\"changed\": {\"name\": \"tutorial file\", \"object\": \"tutorial/excel-tut-1/2018_08_16_Payslip.pdf\", \"fields\": [\"thumbnail\"]}}]"
    }
},
{
    "model": "admin.logentry",
    "pk": 248,
    "fields": {
        "action_time": "2019-02-04T18:48:43.794Z",
        "user": 1,
        "content_type": 9,
        "object_id": "2",
        "object_repr": "Excel Tut 1",
        "action_flag": 2,
        "change_message": "[{\"changed\": {\"name\": \"tutorial file\", \"object\": \"tutorial/excel-tut-1/ORourke_2.jpg\", \"fields\": [\"thumbnail\"]}}]"
    }
},
{
    "model": "admin.logentry",
    "pk": 249,
    "fields": {
        "action_time": "2019-02-04T18:48:58.433Z",
        "user": 1,
        "content_type": 9,
        "object_id": "2",
        "object_repr": "Excel Tut 1",
        "action_flag": 2,
        "change_message": "[{\"changed\": {\"name\": \"tutorial file\", \"object\": \"tutorial/excel-tut-1/ORourke_2.jpg\", \"fields\": [\"thumbnail\"]}}]"
    }
},
{
    "model": "admin.logentry",
    "pk": 250,
    "fields": {
        "action_time": "2019-02-05T18:55:21.386Z",
        "user": 1,
        "content_type": 9,
        "object_id": "2",
        "object_repr": "Excel Tut 1",
        "action_flag": 2,
        "change_message": "[{\"added\": {\"name\": \"tutorial content\", \"object\": \"Excel Tut 1\"}}, {\"added\": {\"name\": \"tutorial content\", \"object\": \"Excel Tut 1\"}}, {\"added\": {\"name\": \"tutorial content\", \"object\": \"Excel Tut 1\"}}]"
    }
},
{
    "model": "admin.logentry",
    "pk": 251,
    "fields": {
        "action_time": "2019-02-05T20:38:12.470Z",
        "user": 1,
        "content_type": 9,
        "object_id": "2",
        "object_repr": "Excel Tut 1",
        "action_flag": 2,
        "change_message": "[{\"added\": {\"name\": \"tutorial content\", \"object\": \"Excel Tut 1\"}}, {\"changed\": {\"name\": \"tutorial content\", \"object\": \"Excel Tut 1\", \"fields\": [\"text\"]}}, {\"changed\": {\"name\": \"tutorial content\", \"object\": \"Excel Tut 1\", \"fields\": [\"text\"]}}]"
    }
},
{
    "model": "admin.logentry",
    "pk": 252,
    "fields": {
        "action_time": "2019-02-05T20:38:29.643Z",
        "user": 1,
        "content_type": 9,
        "object_id": "2",
        "object_repr": "Excel Tut 1",
        "action_flag": 2,
        "change_message": "[{\"deleted\": {\"name\": \"tutorial content\", \"object\": \"Excel Tut 1\"}}]"
    }
},
{
    "model": "admin.logentry",
    "pk": 253,
    "fields": {
        "action_time": "2019-02-05T20:40:00.706Z",
        "user": 1,
        "content_type": 9,
        "object_id": "2",
        "object_repr": "Excel Tut 1",
        "action_flag": 2,
        "change_message": "[{\"added\": {\"name\": \"tutorial content\", \"object\": \"Excel Tut 1\"}}, {\"changed\": {\"name\": \"tutorial content\", \"object\": \"Excel Tut 1\", \"fields\": [\"text\"]}}, {\"changed\": {\"name\": \"tutorial content\", \"object\": \"Excel Tut 1\", \"fields\": [\"video_link\", \"text\"]}}]"
    }
},
{
    "model": "admin.logentry",
    "pk": 254,
    "fields": {
        "action_time": "2019-02-06T18:31:34.578Z",
        "user": 1,
        "content_type": 9,
        "object_id": "2",
        "object_repr": "Excel Tut 1",
        "action_flag": 2,
        "change_message": "[{\"changed\": {\"name\": \"tutorial content\", \"object\": \"Excel Tut 1\", \"fields\": [\"text\"]}}]"
    }
},
{
    "model": "admin.logentry",
    "pk": 255,
    "fields": {
        "action_time": "2019-02-06T18:32:25.520Z",
        "user": 1,
        "content_type": 9,
        "object_id": "2",
        "object_repr": "Excel Tut 1",
        "action_flag": 2,
        "change_message": "[{\"changed\": {\"name\": \"tutorial content\", \"object\": \"Excel Tut 1\", \"fields\": [\"text\"]}}]"
    }
},
{
    "model": "admin.logentry",
    "pk": 256,
    "fields": {
        "action_time": "2019-02-06T18:56:50.754Z",
        "user": 1,
        "content_type": 9,
        "object_id": "2",
        "object_repr": "Excel Tut 1",
        "action_flag": 2,
        "change_message": "[{\"changed\": {\"name\": \"tutorial content\", \"object\": \"Excel Tut 1\", \"fields\": [\"image_col_params\"]}}]"
    }
},
{
    "model": "admin.logentry",
    "pk": 257,
    "fields": {
        "action_time": "2019-02-06T18:57:56.007Z",
        "user": 1,
        "content_type": 9,
        "object_id": "2",
        "object_repr": "Excel Tut 1",
        "action_flag": 2,
        "change_message": "[{\"changed\": {\"name\": \"tutorial content\", \"object\": \"Excel Tut 1\", \"fields\": [\"image_col_params\"]}}]"
    }
},
{
    "model": "admin.logentry",
    "pk": 258,
    "fields": {
        "action_time": "2019-02-06T20:29:29.449Z",
        "user": 1,
        "content_type": 9,
        "object_id": "2",
        "object_repr": "Excel Tut 1",
        "action_flag": 2,
        "change_message": "[{\"changed\": {\"fields\": [\"featured\"]}}]"
    }
},
{
    "model": "admin.logentry",
    "pk": 259,
    "fields": {
        "action_time": "2019-02-06T20:31:44.072Z",
        "user": 1,
        "content_type": 9,
        "object_id": "9",
        "object_repr": "Awsome Excel",
        "action_flag": 2,
        "change_message": "[{\"changed\": {\"fields\": [\"image\"]}}]"
    }
},
{
    "model": "admin.logentry",
    "pk": 260,
    "fields": {
        "action_time": "2019-02-06T20:32:12.867Z",
        "user": 1,
        "content_type": 9,
        "object_id": "8",
        "object_repr": "Excel Tut 5",
        "action_flag": 2,
        "change_message": "[{\"changed\": {\"fields\": [\"image\"]}}]"
    }
},
{
    "model": "admin.logentry",
    "pk": 261,
    "fields": {
        "action_time": "2019-02-06T20:32:28.231Z",
        "user": 1,
        "content_type": 9,
        "object_id": "8",
        "object_repr": "Excel Tut 5",
        "action_flag": 2,
        "change_message": "[{\"changed\": {\"fields\": [\"featured\", \"behind_paywall\"]}}]"
    }
},
{
    "model": "admin.logentry",
    "pk": 262,
    "fields": {
        "action_time": "2019-02-06T20:32:36.452Z",
        "user": 1,
        "content_type": 9,
        "object_id": "8",
        "object_repr": "Excel Tut 5",
        "action_flag": 2,
        "change_message": "[{\"changed\": {\"fields\": [\"behind_paywall\"]}}]"
    }
},
{
    "model": "admin.logentry",
    "pk": 263,
    "fields": {
        "action_time": "2019-02-07T19:12:07.994Z",
        "user": 1,
        "content_type": 19,
        "object_id": "2",
        "object_repr": "HomePage",
        "action_flag": 1,
        "change_message": "[{\"added\": {}}]"
    }
},
{
    "model": "admin.logentry",
    "pk": 264,
    "fields": {
        "action_time": "2019-02-07T19:16:15.065Z",
        "user": 1,
        "content_type": 19,
        "object_id": "2",
        "object_repr": "HomePage",
        "action_flag": 2,
        "change_message": "[{\"changed\": {\"fields\": [\"content1\"]}}]"
    }
},
{
    "model": "admin.logentry",
    "pk": 265,
    "fields": {
        "action_time": "2019-02-07T19:16:38.976Z",
        "user": 1,
        "content_type": 19,
        "object_id": "2",
        "object_repr": "HomePage",
        "action_flag": 2,
        "change_message": "[{\"changed\": {\"fields\": [\"content1\"]}}]"
    }
},
{
    "model": "admin.logentry",
    "pk": 266,
    "fields": {
        "action_time": "2019-02-09T15:27:04.031Z",
        "user": 1,
        "content_type": 10,
        "object_id": "3",
        "object_repr": "test category",
        "action_flag": 1,
        "change_message": "[{\"added\": {}}]"
    }
},
{
    "model": "admin.logentry",
    "pk": 267,
    "fields": {
        "action_time": "2019-02-09T17:04:27.608Z",
        "user": 1,
        "content_type": 13,
        "object_id": "61",
        "object_repr": "W8I9OO7JC0",
        "action_flag": 3,
        "change_message": ""
    }
},
{
    "model": "admin.logentry",
    "pk": 268,
    "fields": {
        "action_time": "2019-02-09T17:04:27.618Z",
        "user": 1,
        "content_type": 13,
        "object_id": "60",
        "object_repr": "QXBO8U2HFN",
        "action_flag": 3,
        "change_message": ""
    }
},
{
    "model": "admin.logentry",
    "pk": 269,
    "fields": {
        "action_time": "2019-02-09T17:04:27.626Z",
        "user": 1,
        "content_type": 13,
        "object_id": "59",
        "object_repr": "RJL5JHS294",
        "action_flag": 3,
        "change_message": ""
    }
},
{
    "model": "admin.logentry",
    "pk": 270,
    "fields": {
        "action_time": "2019-02-09T17:04:27.633Z",
        "user": 1,
        "content_type": 13,
        "object_id": "58",
        "object_repr": "I6OZ38PS9H",
        "action_flag": 3,
        "change_message": ""
    }
},
{
    "model": "admin.logentry",
    "pk": 271,
    "fields": {
        "action_time": "2019-02-09T17:04:27.641Z",
        "user": 1,
        "content_type": 13,
        "object_id": "57",
        "object_repr": "G6R1AH7DV5",
        "action_flag": 3,
        "change_message": ""
    }
},
{
    "model": "admin.logentry",
    "pk": 272,
    "fields": {
        "action_time": "2019-02-09T17:04:27.649Z",
        "user": 1,
        "content_type": 13,
        "object_id": "56",
        "object_repr": "YB32G7DK38",
        "action_flag": 3,
        "change_message": ""
    }
},
{
    "model": "admin.logentry",
    "pk": 273,
    "fields": {
        "action_time": "2019-02-09T17:04:27.658Z",
        "user": 1,
        "content_type": 13,
        "object_id": "55",
        "object_repr": "CK9HCRR29Z",
        "action_flag": 3,
        "change_message": ""
    }
},
{
    "model": "admin.logentry",
    "pk": 274,
    "fields": {
        "action_time": "2019-02-09T17:04:27.666Z",
        "user": 1,
        "content_type": 13,
        "object_id": "54",
        "object_repr": "O4K3F8VUVT",
        "action_flag": 3,
        "change_message": ""
    }
},
{
    "model": "admin.logentry",
    "pk": 275,
    "fields": {
        "action_time": "2019-02-09T17:04:27.685Z",
        "user": 1,
        "content_type": 13,
        "object_id": "53",
        "object_repr": "8624NATZHC",
        "action_flag": 3,
        "change_message": ""
    }
},
{
    "model": "admin.logentry",
    "pk": 276,
    "fields": {
        "action_time": "2019-02-09T17:04:27.693Z",
        "user": 1,
        "content_type": 13,
        "object_id": "52",
        "object_repr": "R6DQP0NAVP",
        "action_flag": 3,
        "change_message": ""
    }
},
{
    "model": "admin.logentry",
    "pk": 277,
    "fields": {
        "action_time": "2019-02-09T17:04:27.701Z",
        "user": 1,
        "content_type": 13,
        "object_id": "51",
        "object_repr": "8LOTOZUOVF",
        "action_flag": 3,
        "change_message": ""
    }
},
{
    "model": "admin.logentry",
    "pk": 278,
    "fields": {
        "action_time": "2019-02-09T17:04:27.708Z",
        "user": 1,
        "content_type": 13,
        "object_id": "50",
        "object_repr": "WWUUOIEPCX",
        "action_flag": 3,
        "change_message": ""
    }
},
{
    "model": "admin.logentry",
    "pk": 279,
    "fields": {
        "action_time": "2019-02-09T17:04:27.716Z",
        "user": 1,
        "content_type": 13,
        "object_id": "49",
        "object_repr": "MV1EMBX2PB",
        "action_flag": 3,
        "change_message": ""
    }
},
{
    "model": "admin.logentry",
    "pk": 280,
    "fields": {
        "action_time": "2019-02-09T17:04:27.726Z",
        "user": 1,
        "content_type": 13,
        "object_id": "48",
        "object_repr": "MMZZ7KB0BL",
        "action_flag": 3,
        "change_message": ""
    }
},
{
    "model": "admin.logentry",
    "pk": 281,
    "fields": {
        "action_time": "2019-02-09T17:04:27.734Z",
        "user": 1,
        "content_type": 13,
        "object_id": "47",
        "object_repr": "Q3EOHNZ69A",
        "action_flag": 3,
        "change_message": ""
    }
},
{
    "model": "admin.logentry",
    "pk": 282,
    "fields": {
        "action_time": "2019-02-09T17:04:38.326Z",
        "user": 1,
        "content_type": 14,
        "object_id": "38",
        "object_repr": "niall783@gmail.com",
        "action_flag": 3,
        "change_message": ""
    }
},
{
    "model": "admin.logentry",
    "pk": 283,
    "fields": {
        "action_time": "2019-02-09T17:07:57.108Z",
        "user": 1,
        "content_type": 14,
        "object_id": "39",
        "object_repr": "niall783@gmail.com",
        "action_flag": 3,
        "change_message": ""
    }
},
{
    "model": "admin.logentry",
    "pk": 284,
    "fields": {
        "action_time": "2019-02-09T19:33:36.914Z",
        "user": 1,
        "content_type": 12,
        "object_id": "1",
        "object_repr": "niall783@gmail.com",
        "action_flag": 2,
        "change_message": "[{\"changed\": {\"fields\": [\"full_name\"]}}]"
    }
},
{
    "model": "admin.logentry",
    "pk": 285,
    "fields": {
        "action_time": "2019-02-10T12:04:31.627Z",
        "user": 1,
        "content_type": 12,
        "object_id": "15",
        "object_repr": "admin@gmail.com",
        "action_flag": 1,
        "change_message": "[{\"added\": {}}]"
    }
},
{
    "model": "admin.logentry",
    "pk": 286,
    "fields": {
        "action_time": "2019-02-10T12:04:46.112Z",
        "user": 1,
        "content_type": 12,
        "object_id": "15",
        "object_repr": "admin@gmail.com",
        "action_flag": 2,
        "change_message": "[{\"changed\": {\"fields\": [\"first_name\", \"last_name\", \"admin\", \"staff\"]}}]"
    }
},
{
    "model": "admin.logentry",
    "pk": 287,
    "fields": {
        "action_time": "2019-02-10T13:34:01.030Z",
        "user": 1,
        "content_type": 22,
        "object_id": "1",
        "object_repr": "Master Shifu,",
        "action_flag": 1,
        "change_message": "[{\"added\": {}}]"
    }
},
{
    "model": "admin.logentry",
    "pk": 288,
    "fields": {
        "action_time": "2019-02-10T13:35:07.610Z",
        "user": 1,
        "content_type": 22,
        "object_id": "1",
        "object_repr": "Master Shifu",
        "action_flag": 2,
        "change_message": "[{\"changed\": {\"fields\": [\"author\"]}}]"
    }
},
{
    "model": "admin.logentry",
    "pk": 289,
    "fields": {
        "action_time": "2019-02-10T13:45:13.346Z",
        "user": 1,
        "content_type": 22,
        "object_id": "1",
        "object_repr": "Master Shifu",
        "action_flag": 2,
        "change_message": "[{\"changed\": {\"fields\": [\"quote_type\"]}}]"
    }
},
{
    "model": "admin.logentry",
    "pk": 290,
    "fields": {
        "action_time": "2019-02-10T13:46:39.536Z",
        "user": 1,
        "content_type": 22,
        "object_id": "1",
        "object_repr": "Master Shifu",
        "action_flag": 2,
        "change_message": "[]"
    }
},
{
    "model": "admin.logentry",
    "pk": 291,
    "fields": {
        "action_time": "2019-02-10T15:57:01.861Z",
        "user": 1,
        "content_type": 23,
        "object_id": "1",
        "object_repr": "PPT",
        "action_flag": 1,
        "change_message": "[{\"added\": {}}]"
    }
},
{
    "model": "admin.logentry",
    "pk": 292,
    "fields": {
        "action_time": "2019-02-10T15:57:31.136Z",
        "user": 1,
        "content_type": 23,
        "object_id": "1",
        "object_repr": "PPT",
        "action_flag": 2,
        "change_message": "[{\"changed\": {\"fields\": [\"tutorials\"]}}]"
    }
},
{
    "model": "admin.logentry",
    "pk": 293,
    "fields": {
        "action_time": "2019-02-11T19:38:49.648Z",
        "user": 1,
        "content_type": 9,
        "object_id": "2",
        "object_repr": "Excel Tut 1",
        "action_flag": 2,
        "change_message": "[{\"added\": {\"name\": \"tutorial content\", \"object\": \"Excel Tut 1\"}}]"
    }
},
{
    "model": "admin.logentry",
    "pk": 294,
    "fields": {
        "action_time": "2019-02-11T19:39:23.634Z",
        "user": 1,
        "content_type": 9,
        "object_id": "2",
        "object_repr": "Excel Tut 1",
        "action_flag": 2,
        "change_message": "[{\"changed\": {\"name\": \"tutorial content\", \"object\": \"Excel Tut 1\", \"fields\": [\"video_link\"]}}]"
    }
},
{
    "model": "admin.logentry",
    "pk": 295,
    "fields": {
        "action_time": "2019-02-11T19:40:19.227Z",
        "user": 1,
        "content_type": 9,
        "object_id": "2",
        "object_repr": "Excel Tut 1",
        "action_flag": 2,
        "change_message": "[{\"changed\": {\"name\": \"tutorial content\", \"object\": \"Excel Tut 1\", \"fields\": [\"video_link\"]}}]"
    }
},
{
    "model": "admin.logentry",
    "pk": 296,
    "fields": {
        "action_time": "2019-02-11T19:41:07.443Z",
        "user": 1,
        "content_type": 9,
        "object_id": "2",
        "object_repr": "Excel Tut 1",
        "action_flag": 2,
        "change_message": "[{\"changed\": {\"name\": \"tutorial content\", \"object\": \"Excel Tut 1\", \"fields\": [\"video_link\"]}}]"
    }
},
{
    "model": "admin.logentry",
    "pk": 297,
    "fields": {
        "action_time": "2019-02-11T19:41:46.742Z",
        "user": 1,
        "content_type": 9,
        "object_id": "2",
        "object_repr": "Excel Tut 1",
        "action_flag": 2,
        "change_message": "[{\"changed\": {\"name\": \"tutorial content\", \"object\": \"Excel Tut 1\", \"fields\": [\"video_link\", \"text\"]}}]"
    }
},
{
    "model": "admin.logentry",
    "pk": 298,
    "fields": {
        "action_time": "2019-02-11T19:43:22.211Z",
        "user": 1,
        "content_type": 9,
        "object_id": "2",
        "object_repr": "Excel Tut 1",
        "action_flag": 2,
        "change_message": "[{\"changed\": {\"name\": \"tutorial content\", \"object\": \"Excel Tut 1\", \"fields\": [\"text\"]}}]"
    }
},
{
    "model": "admin.logentry",
    "pk": 299,
    "fields": {
        "action_time": "2019-02-11T19:48:19.272Z",
        "user": 1,
        "content_type": 9,
        "object_id": "2",
        "object_repr": "Excel Tut 1",
        "action_flag": 2,
        "change_message": "[{\"added\": {\"name\": \"tutorial content\", \"object\": \"Excel Tut 1\"}}]"
    }
},
{
    "model": "admin.logentry",
    "pk": 300,
    "fields": {
        "action_time": "2019-02-11T19:55:06.041Z",
        "user": 1,
        "content_type": 9,
        "object_id": "2",
        "object_repr": "Excel Tut 1",
        "action_flag": 2,
        "change_message": "[{\"changed\": {\"name\": \"tutorial content\", \"object\": \"Excel Tut 1\", \"fields\": [\"html_text\"]}}]"
    }
},
{
    "model": "admin.logentry",
    "pk": 301,
    "fields": {
        "action_time": "2019-02-13T20:32:25.209Z",
        "user": 1,
        "content_type": 19,
        "object_id": "3",
        "object_repr": "AboutPage",
        "action_flag": 1,
        "change_message": "[{\"added\": {}}]"
    }
},
{
    "model": "admin.logentry",
    "pk": 302,
    "fields": {
        "action_time": "2019-02-23T17:23:54.552Z",
        "user": 1,
        "content_type": 12,
        "object_id": "1",
        "object_repr": "niall7833@gmail.com",
        "action_flag": 2,
        "change_message": "[{\"changed\": {\"fields\": [\"email\"]}}]"
    }
},
{
    "model": "admin.logentry",
    "pk": 303,
    "fields": {
        "action_time": "2019-02-23T17:25:03.594Z",
        "user": 1,
        "content_type": 14,
        "object_id": "40",
        "object_repr": "niall783@gmail.com",
        "action_flag": 3,
        "change_message": ""
    }
},
{
    "model": "admin.logentry",
    "pk": 304,
    "fields": {
        "action_time": "2019-02-23T17:25:15.816Z",
        "user": 1,
        "content_type": 12,
        "object_id": "1",
        "object_repr": "niall783@gmail.com",
        "action_flag": 2,
        "change_message": "[{\"changed\": {\"fields\": [\"email\"]}}]"
    }
},
{
    "model": "admin.logentry",
    "pk": 305,
    "fields": {
        "action_time": "2019-02-23T17:26:51.861Z",
        "user": 1,
        "content_type": 14,
        "object_id": "42",
        "object_repr": "admin@gmail.com",
        "action_flag": 3,
        "change_message": ""
    }
},
{
    "model": "admin.logentry",
    "pk": 306,
    "fields": {
        "action_time": "2019-02-23T17:26:51.870Z",
        "user": 1,
        "content_type": 14,
        "object_id": "41",
        "object_repr": "myemail@gmail.com",
        "action_flag": 3,
        "change_message": ""
    }
}
]
